<?xml version="1.0"?>
<link_info>
   <banner>TI ARM Linker PC v16.9.6.LTS</banner>
   <copyright>Copyright (c) 1996-2017 Texas Instruments Incorporated</copyright>
   <link_time>0x5ab972dc</link_time>
   <link_errors>0x0</link_errors>
   <output_file>EGCP_280_Lab_7_Template.out</output_file>
   <entry_point>
      <name>_c_int00</name>
      <address>0x355</address>
   </entry_point>
   <input_file_list>
      <input_file id="fl-2">
         <path>.\</path>
         <kind>object</kind>
         <file>asm_main.obj</file>
         <name>asm_main.obj</name>
      </input_file>
      <input_file id="fl-3">
         <path>.\</path>
         <kind>object</kind>
         <file>main.obj</file>
         <name>main.obj</name>
      </input_file>
      <input_file id="fl-4">
         <path>.\</path>
         <kind>object</kind>
         <file>msp432_startup_ccs.obj</file>
         <name>msp432_startup_ccs.obj</name>
      </input_file>
      <input_file id="fl-8">
         <kind>object</kind>
         <file>&lt;internal&gt;</file>
         <name>&lt;internal&gt;</name>
      </input_file>
      <input_file id="fl-be">
         <path>C:\ti\ccsv7\tools\compiler\ti-cgt-arm_16.9.6.LTS\lib\</path>
         <kind>archive</kind>
         <file>rtsv7M4_T_le_v4SPD16_eabi.lib</file>
         <name>boot.obj</name>
      </input_file>
      <input_file id="fl-bf">
         <path>C:\ti\ccsv7\tools\compiler\ti-cgt-arm_16.9.6.LTS\lib\</path>
         <kind>archive</kind>
         <file>rtsv7M4_T_le_v4SPD16_eabi.lib</file>
         <name>copy_decompress_lzss.obj</name>
      </input_file>
      <input_file id="fl-c0">
         <path>C:\ti\ccsv7\tools\compiler\ti-cgt-arm_16.9.6.LTS\lib\</path>
         <kind>archive</kind>
         <file>rtsv7M4_T_le_v4SPD16_eabi.lib</file>
         <name>copy_decompress_none.obj</name>
      </input_file>
      <input_file id="fl-c1">
         <path>C:\ti\ccsv7\tools\compiler\ti-cgt-arm_16.9.6.LTS\lib\</path>
         <kind>archive</kind>
         <file>rtsv7M4_T_le_v4SPD16_eabi.lib</file>
         <name>copy_zero_init.obj</name>
      </input_file>
      <input_file id="fl-c2">
         <path>C:\ti\ccsv7\tools\compiler\ti-cgt-arm_16.9.6.LTS\lib\</path>
         <kind>archive</kind>
         <file>rtsv7M4_T_le_v4SPD16_eabi.lib</file>
         <name>exit.obj</name>
      </input_file>
      <input_file id="fl-c3">
         <path>C:\ti\ccsv7\tools\compiler\ti-cgt-arm_16.9.6.LTS\lib\</path>
         <kind>archive</kind>
         <file>rtsv7M4_T_le_v4SPD16_eabi.lib</file>
         <name>memcpy_t2.obj</name>
      </input_file>
      <input_file id="fl-c4">
         <path>C:\ti\ccsv7\tools\compiler\ti-cgt-arm_16.9.6.LTS\lib\</path>
         <kind>archive</kind>
         <file>rtsv7M4_T_le_v4SPD16_eabi.lib</file>
         <name>memset_t2.obj</name>
      </input_file>
      <input_file id="fl-c5">
         <path>C:\ti\ccsv7\tools\compiler\ti-cgt-arm_16.9.6.LTS\lib\</path>
         <kind>archive</kind>
         <file>rtsv7M4_T_le_v4SPD16_eabi.lib</file>
         <name>mpu_init.obj</name>
      </input_file>
      <input_file id="fl-c6">
         <path>C:\ti\ccsv7\tools\compiler\ti-cgt-arm_16.9.6.LTS\lib\</path>
         <kind>archive</kind>
         <file>rtsv7M4_T_le_v4SPD16_eabi.lib</file>
         <name>pre_init.obj</name>
      </input_file>
      <input_file id="fl-c7">
         <path>C:\ti\ccsv7\tools\compiler\ti-cgt-arm_16.9.6.LTS\lib\</path>
         <kind>archive</kind>
         <file>rtsv7M4_T_le_v4SPD16_eabi.lib</file>
         <name>stkdepth_vars.obj</name>
      </input_file>
      <input_file id="fl-c8">
         <path>C:\ti\ccsv7\tools\compiler\ti-cgt-arm_16.9.6.LTS\lib\</path>
         <kind>archive</kind>
         <file>rtsv7M4_T_le_v4SPD16_eabi.lib</file>
         <name>_lock.obj</name>
      </input_file>
      <input_file id="fl-c9">
         <path>C:\ti\ccsv7\tools\compiler\ti-cgt-arm_16.9.6.LTS\lib\</path>
         <kind>archive</kind>
         <file>rtsv7M4_T_le_v4SPD16_eabi.lib</file>
         <name>args_main.obj</name>
      </input_file>
      <input_file id="fl-ca">
         <path>C:\ti\ccsv7\tools\compiler\ti-cgt-arm_16.9.6.LTS\lib\</path>
         <kind>archive</kind>
         <file>rtsv7M4_T_le_v4SPD16_eabi.lib</file>
         <name>autoinit.obj</name>
      </input_file>
      <input_file id="fl-cb">
         <path>C:\ti\ccsv7\tools\compiler\ti-cgt-arm_16.9.6.LTS\lib\</path>
         <kind>archive</kind>
         <file>rtsv7M4_T_le_v4SPD16_eabi.lib</file>
         <name>cpy_tbl.obj</name>
      </input_file>
      <input_file id="fl-cc">
         <path>C:\ti\ccsv7\tools\compiler\ti-cgt-arm_16.9.6.LTS\lib\</path>
         <kind>archive</kind>
         <file>rtsv7M4_T_le_v4SPD16_eabi.lib</file>
         <name>startup.obj</name>
      </input_file>
   </input_file_list>
   <object_component_list>
      <object_component id="oc-10">
         <name>.intvecs</name>
         <load_address>0x0</load_address>
         <run_address>0x0</run_address>
         <size>0x144</size>
         <input_file_ref idref="fl-4"/>
      </object_component>
      <object_component id="oc-46">
         <name>.text</name>
         <load_address>0x144</load_address>
         <run_address>0x144</run_address>
         <size>0x9c</size>
         <input_file_ref idref="fl-c3"/>
      </object_component>
      <object_component id="oc-2c">
         <name>.text</name>
         <load_address>0x1e0</load_address>
         <run_address>0x1e0</run_address>
         <size>0x9a</size>
         <input_file_ref idref="fl-4"/>
      </object_component>
      <object_component id="oc-5e">
         <name>.text</name>
         <load_address>0x27a</load_address>
         <run_address>0x27a</run_address>
         <size>0x2</size>
         <input_file_ref idref="fl-c5"/>
      </object_component>
      <object_component id="oc-6a">
         <name>.text</name>
         <load_address>0x27c</load_address>
         <run_address>0x27c</run_address>
         <size>0x70</size>
         <input_file_ref idref="fl-ca"/>
      </object_component>
      <object_component id="oc-13">
         <name>.text:decompress:lzss</name>
         <load_address>0x2ec</load_address>
         <run_address>0x2ec</run_address>
         <size>0x68</size>
         <input_file_ref idref="fl-bf"/>
      </object_component>
      <object_component id="oc-25">
         <name>.text</name>
         <load_address>0x354</load_address>
         <run_address>0x354</run_address>
         <size>0x54</size>
         <input_file_ref idref="fl-be"/>
      </object_component>
      <object_component id="oc-76">
         <name>.text</name>
         <load_address>0x3a8</load_address>
         <run_address>0x3a8</run_address>
         <size>0x54</size>
         <input_file_ref idref="fl-c2"/>
      </object_component>
      <object_component id="oc-a1">
         <name>.text</name>
         <load_address>0x3fc</load_address>
         <run_address>0x3fc</run_address>
         <size>0x4c</size>
         <input_file_ref idref="fl-cb"/>
      </object_component>
      <object_component id="oc-81">
         <name>.text</name>
         <load_address>0x448</load_address>
         <run_address>0x448</run_address>
         <size>0x4a</size>
         <input_file_ref idref="fl-2"/>
      </object_component>
      <object_component id="oc-a7">
         <name>.text</name>
         <load_address>0x492</load_address>
         <run_address>0x492</run_address>
         <size>0x2</size>
         <input_file_ref idref="fl-cc"/>
      </object_component>
      <object_component id="oc-70">
         <name>.text</name>
         <load_address>0x494</load_address>
         <run_address>0x494</run_address>
         <size>0x18</size>
         <input_file_ref idref="fl-c9"/>
      </object_component>
      <object_component id="oc-d8">
         <name>.text</name>
         <load_address>0x4ac</load_address>
         <run_address>0x4ac</run_address>
         <size>0x14</size>
         <input_file_ref idref="fl-c8"/>
      </object_component>
      <object_component id="oc-32">
         <name>.text</name>
         <load_address>0x4c0</load_address>
         <run_address>0x4c0</run_address>
         <size>0x10</size>
         <input_file_ref idref="fl-3"/>
      </object_component>
      <object_component id="oc-19">
         <name>.text:decompress:none</name>
         <load_address>0x4d0</load_address>
         <run_address>0x4d0</run_address>
         <size>0xe</size>
         <input_file_ref idref="fl-c0"/>
      </object_component>
      <object_component id="oc-64">
         <name>.text</name>
         <load_address>0x4de</load_address>
         <run_address>0x4de</run_address>
         <size>0x4</size>
         <input_file_ref idref="fl-c6"/>
      </object_component>
      <object_component id="oc-114">
         <name>.cinit..data.load</name>
         <load_address>0x4e8</load_address>
         <run_address>0x4e8</run_address>
         <size>0x15</size>
      </object_component>
      <object_component id="oc-112">
         <name>__TI_handler_table</name>
         <load_address>0x500</load_address>
         <run_address>0x500</run_address>
         <size>0x8</size>
      </object_component>
      <object_component id="oc-113">
         <name>__TI_cinit_table</name>
         <load_address>0x508</load_address>
         <run_address>0x508</run_address>
         <size>0x8</size>
      </object_component>
      <object_component id="oc-bc">
         <name>.data</name>
         <load_address>0x20000014</load_address>
         <run_address>0x20000014</run_address>
         <size>0x8</size>
         <input_file_ref idref="fl-2"/>
      </object_component>
      <object_component id="oc-b1">
         <name>.data:$O1$$</name>
         <load_address>0x20000000</load_address>
         <run_address>0x20000000</run_address>
         <size>0xc</size>
         <input_file_ref idref="fl-c2"/>
      </object_component>
      <object_component id="oc-7c">
         <name>.data</name>
         <load_address>0x2000001c</load_address>
         <run_address>0x2000001c</run_address>
         <size>0x4</size>
         <input_file_ref idref="fl-c7"/>
      </object_component>
      <object_component id="oc-b4">
         <name>.data:$O1$$</name>
         <load_address>0x2000000c</load_address>
         <run_address>0x2000000c</run_address>
         <size>0x8</size>
         <input_file_ref idref="fl-c8"/>
      </object_component>
      <object_component id="oc-2b">
         <name>.stack</name>
         <uninitialized>true</uninitialized>
         <run_address>0x2000fe00</run_address>
         <size>0x0</size>
         <input_file_ref idref="fl-be"/>
      </object_component>
      <object_component id="oc-115">
         <name>.stack</name>
         <uninitialized>true</uninitialized>
         <run_address>0x2000fe00</run_address>
         <size>0x0</size>
      </object_component>
      <object_component id="oc-82">
         <name>.debug_info</name>
         <load_address>0x0</load_address>
         <run_address>0x0</run_address>
         <size>0x1a5</size>
         <input_file_ref idref="fl-2"/>
      </object_component>
      <object_component id="oc-33">
         <name>.debug_info</name>
         <load_address>0x1a5</load_address>
         <run_address>0x1a5</run_address>
         <size>0x168</size>
         <input_file_ref idref="fl-3"/>
      </object_component>
      <object_component id="oc-41">
         <name>.debug_info</name>
         <load_address>0x30d</load_address>
         <run_address>0x30d</run_address>
         <size>0x84</size>
         <input_file_ref idref="fl-3"/>
      </object_component>
      <object_component id="oc-3a">
         <name>.debug_info</name>
         <load_address>0x391</load_address>
         <run_address>0x391</run_address>
         <size>0x29d</size>
         <input_file_ref idref="fl-4"/>
      </object_component>
      <object_component id="oc-11">
         <name>.debug_info</name>
         <load_address>0x62e</load_address>
         <run_address>0x62e</run_address>
         <size>0xf6</size>
         <input_file_ref idref="fl-4"/>
      </object_component>
      <object_component id="oc-2d">
         <name>.debug_info</name>
         <load_address>0x724</load_address>
         <run_address>0x724</run_address>
         <size>0x16a2</size>
         <input_file_ref idref="fl-4"/>
      </object_component>
      <object_component id="oc-27">
         <name>.debug_info</name>
         <load_address>0x1dc6</load_address>
         <run_address>0x1dc6</run_address>
         <size>0x160</size>
         <input_file_ref idref="fl-be"/>
      </object_component>
      <object_component id="oc-8e">
         <name>.debug_info</name>
         <load_address>0x1f26</load_address>
         <run_address>0x1f26</run_address>
         <size>0x293</size>
         <input_file_ref idref="fl-bf"/>
      </object_component>
      <object_component id="oc-15">
         <name>.debug_info</name>
         <load_address>0x21b9</load_address>
         <run_address>0x21b9</run_address>
         <size>0x245</size>
         <input_file_ref idref="fl-bf"/>
      </object_component>
      <object_component id="oc-3c">
         <name>.debug_info</name>
         <load_address>0x23fe</load_address>
         <run_address>0x23fe</run_address>
         <size>0x60</size>
         <input_file_ref idref="fl-bf"/>
      </object_component>
      <object_component id="oc-89">
         <name>.debug_info</name>
         <load_address>0x245e</load_address>
         <run_address>0x245e</run_address>
         <size>0x46</size>
         <input_file_ref idref="fl-bf"/>
      </object_component>
      <object_component id="oc-51">
         <name>.debug_info</name>
         <load_address>0x24a4</load_address>
         <run_address>0x24a4</run_address>
         <size>0x2da</size>
         <input_file_ref idref="fl-c0"/>
      </object_component>
      <object_component id="oc-1a">
         <name>.debug_info</name>
         <load_address>0x277e</load_address>
         <run_address>0x277e</run_address>
         <size>0x1df</size>
         <input_file_ref idref="fl-c0"/>
      </object_component>
      <object_component id="oc-4c">
         <name>.debug_info</name>
         <load_address>0x295d</load_address>
         <run_address>0x295d</run_address>
         <size>0x46</size>
         <input_file_ref idref="fl-c0"/>
      </object_component>
      <object_component id="oc-90">
         <name>.debug_info</name>
         <load_address>0x29a3</load_address>
         <run_address>0x29a3</run_address>
         <size>0x2c</size>
         <input_file_ref idref="fl-c0"/>
      </object_component>
      <object_component id="oc-98">
         <name>.debug_info</name>
         <load_address>0x29cf</load_address>
         <run_address>0x29cf</run_address>
         <size>0x2c</size>
         <input_file_ref idref="fl-c1"/>
      </object_component>
      <object_component id="oc-b8">
         <name>.debug_info</name>
         <load_address>0x29fb</load_address>
         <run_address>0x29fb</run_address>
         <size>0x3ce</size>
         <input_file_ref idref="fl-c2"/>
      </object_component>
      <object_component id="oc-b2">
         <name>.debug_info</name>
         <load_address>0x2dc9</load_address>
         <run_address>0x2dc9</run_address>
         <size>0x185</size>
         <input_file_ref idref="fl-c2"/>
      </object_component>
      <object_component id="oc-77">
         <name>.debug_info</name>
         <load_address>0x2f4e</load_address>
         <run_address>0x2f4e</run_address>
         <size>0x214</size>
         <input_file_ref idref="fl-c2"/>
      </object_component>
      <object_component id="oc-47">
         <name>.debug_info</name>
         <load_address>0x3162</load_address>
         <run_address>0x3162</run_address>
         <size>0x111</size>
         <input_file_ref idref="fl-c3"/>
      </object_component>
      <object_component id="oc-60">
         <name>.debug_info</name>
         <load_address>0x3273</load_address>
         <run_address>0x3273</run_address>
         <size>0x138</size>
         <input_file_ref idref="fl-c5"/>
      </object_component>
      <object_component id="oc-65">
         <name>.debug_info</name>
         <load_address>0x33ab</load_address>
         <run_address>0x33ab</run_address>
         <size>0x148</size>
         <input_file_ref idref="fl-c6"/>
      </object_component>
      <object_component id="oc-7d">
         <name>.debug_info</name>
         <load_address>0x34f3</load_address>
         <run_address>0x34f3</run_address>
         <size>0x109</size>
         <input_file_ref idref="fl-c7"/>
      </object_component>
      <object_component id="oc-e0">
         <name>.debug_info</name>
         <load_address>0x35fc</load_address>
         <run_address>0x35fc</run_address>
         <size>0x2be</size>
         <input_file_ref idref="fl-c8"/>
      </object_component>
      <object_component id="oc-b5">
         <name>.debug_info</name>
         <load_address>0x38ba</load_address>
         <run_address>0x38ba</run_address>
         <size>0x113</size>
         <input_file_ref idref="fl-c8"/>
      </object_component>
      <object_component id="oc-da">
         <name>.debug_info</name>
         <load_address>0x39cd</load_address>
         <run_address>0x39cd</run_address>
         <size>0x21f</size>
         <input_file_ref idref="fl-c8"/>
      </object_component>
      <object_component id="oc-b0">
         <name>.debug_info</name>
         <load_address>0x3bec</load_address>
         <run_address>0x3bec</run_address>
         <size>0x300</size>
         <input_file_ref idref="fl-c9"/>
      </object_component>
      <object_component id="oc-72">
         <name>.debug_info</name>
         <load_address>0x3eec</load_address>
         <run_address>0x3eec</run_address>
         <size>0x167</size>
         <input_file_ref idref="fl-c9"/>
      </object_component>
      <object_component id="oc-d1">
         <name>.debug_info</name>
         <load_address>0x4053</load_address>
         <run_address>0x4053</run_address>
         <size>0x5e</size>
         <input_file_ref idref="fl-c9"/>
      </object_component>
      <object_component id="oc-ae">
         <name>.debug_info</name>
         <load_address>0x40b1</load_address>
         <run_address>0x40b1</run_address>
         <size>0x483</size>
         <input_file_ref idref="fl-ca"/>
      </object_component>
      <object_component id="oc-6d">
         <name>.debug_info</name>
         <load_address>0x4534</load_address>
         <run_address>0x4534</run_address>
         <size>0x190</size>
         <input_file_ref idref="fl-ca"/>
      </object_component>
      <object_component id="oc-c5">
         <name>.debug_info</name>
         <load_address>0x46c4</load_address>
         <run_address>0x46c4</run_address>
         <size>0x39</size>
         <input_file_ref idref="fl-ca"/>
      </object_component>
      <object_component id="oc-eb">
         <name>.debug_info</name>
         <load_address>0x46fd</load_address>
         <run_address>0x46fd</run_address>
         <size>0x39</size>
         <input_file_ref idref="fl-ca"/>
      </object_component>
      <object_component id="oc-ca">
         <name>.debug_info</name>
         <load_address>0x4736</load_address>
         <run_address>0x4736</run_address>
         <size>0xcd</size>
         <input_file_ref idref="fl-ca"/>
      </object_component>
      <object_component id="oc-c1">
         <name>.debug_info</name>
         <load_address>0x4803</load_address>
         <run_address>0x4803</run_address>
         <size>0x37a</size>
         <input_file_ref idref="fl-cb"/>
      </object_component>
      <object_component id="oc-a3">
         <name>.debug_info</name>
         <load_address>0x4b7d</load_address>
         <run_address>0x4b7d</run_address>
         <size>0x183</size>
         <input_file_ref idref="fl-cb"/>
      </object_component>
      <object_component id="oc-e6">
         <name>.debug_info</name>
         <load_address>0x4d00</load_address>
         <run_address>0x4d00</run_address>
         <size>0x2c</size>
         <input_file_ref idref="fl-cb"/>
      </object_component>
      <object_component id="oc-a9">
         <name>.debug_info</name>
         <load_address>0x4d2c</load_address>
         <run_address>0x4d2c</run_address>
         <size>0x145</size>
         <input_file_ref idref="fl-cc"/>
      </object_component>
      <object_component id="oc-116">
         <name>.debug_info</name>
         <load_address>0x4e71</load_address>
         <run_address>0x4e71</run_address>
         <size>0xaa</size>
      </object_component>
      <object_component id="oc-85">
         <name>.debug_line</name>
         <load_address>0x0</load_address>
         <run_address>0x0</run_address>
         <size>0x76</size>
         <input_file_ref idref="fl-2"/>
      </object_component>
      <object_component id="oc-37">
         <name>.debug_line</name>
         <load_address>0x76</load_address>
         <run_address>0x76</run_address>
         <size>0x5a</size>
         <input_file_ref idref="fl-3"/>
      </object_component>
      <object_component id="oc-44">
         <name>.debug_line</name>
         <load_address>0xd0</load_address>
         <run_address>0xd0</run_address>
         <size>0x20</size>
         <input_file_ref idref="fl-3"/>
      </object_component>
      <object_component id="oc-88">
         <name>.debug_line</name>
         <load_address>0xf0</load_address>
         <run_address>0xf0</run_address>
         <size>0x3b</size>
         <input_file_ref idref="fl-4"/>
      </object_component>
      <object_component id="oc-39">
         <name>.debug_line</name>
         <load_address>0x12b</load_address>
         <run_address>0x12b</run_address>
         <size>0x3b</size>
         <input_file_ref idref="fl-4"/>
      </object_component>
      <object_component id="oc-30">
         <name>.debug_line</name>
         <load_address>0x166</load_address>
         <run_address>0x166</run_address>
         <size>0x55a</size>
         <input_file_ref idref="fl-4"/>
      </object_component>
      <object_component id="oc-26">
         <name>.debug_line</name>
         <load_address>0x6c0</load_address>
         <run_address>0x6c0</run_address>
         <size>0x53</size>
         <input_file_ref idref="fl-be"/>
      </object_component>
      <object_component id="oc-bf">
         <name>.debug_line</name>
         <load_address>0x713</load_address>
         <run_address>0x713</run_address>
         <size>0x20</size>
         <input_file_ref idref="fl-bf"/>
      </object_component>
      <object_component id="oc-14">
         <name>.debug_line</name>
         <load_address>0x733</load_address>
         <run_address>0x733</run_address>
         <size>0xa9</size>
         <input_file_ref idref="fl-bf"/>
      </object_component>
      <object_component id="oc-3f">
         <name>.debug_line</name>
         <load_address>0x7dc</load_address>
         <run_address>0x7dc</run_address>
         <size>0x3a</size>
         <input_file_ref idref="fl-bf"/>
      </object_component>
      <object_component id="oc-8c">
         <name>.debug_line</name>
         <load_address>0x816</load_address>
         <run_address>0x816</run_address>
         <size>0x8a</size>
         <input_file_ref idref="fl-bf"/>
      </object_component>
      <object_component id="oc-96">
         <name>.debug_line</name>
         <load_address>0x8a0</load_address>
         <run_address>0x8a0</run_address>
         <size>0x8a</size>
         <input_file_ref idref="fl-c0"/>
      </object_component>
      <object_component id="oc-1d">
         <name>.debug_line</name>
         <load_address>0x92a</load_address>
         <run_address>0x92a</run_address>
         <size>0x55</size>
         <input_file_ref idref="fl-c0"/>
      </object_component>
      <object_component id="oc-4f">
         <name>.debug_line</name>
         <load_address>0x97f</load_address>
         <run_address>0x97f</run_address>
         <size>0x3a</size>
         <input_file_ref idref="fl-c0"/>
      </object_component>
      <object_component id="oc-93">
         <name>.debug_line</name>
         <load_address>0x9b9</load_address>
         <run_address>0x9b9</run_address>
         <size>0x8a</size>
         <input_file_ref idref="fl-c0"/>
      </object_component>
      <object_component id="oc-9b">
         <name>.debug_line</name>
         <load_address>0xa43</load_address>
         <run_address>0xa43</run_address>
         <size>0x8a</size>
         <input_file_ref idref="fl-c1"/>
      </object_component>
      <object_component id="oc-e3">
         <name>.debug_line</name>
         <load_address>0xacd</load_address>
         <run_address>0xacd</run_address>
         <size>0xf2</size>
         <input_file_ref idref="fl-c2"/>
      </object_component>
      <object_component id="oc-d7">
         <name>.debug_line</name>
         <load_address>0xbbf</load_address>
         <run_address>0xbbf</run_address>
         <size>0x2a</size>
         <input_file_ref idref="fl-c2"/>
      </object_component>
      <object_component id="oc-7a">
         <name>.debug_line</name>
         <load_address>0xbe9</load_address>
         <run_address>0xbe9</run_address>
         <size>0x86</size>
         <input_file_ref idref="fl-c2"/>
      </object_component>
      <object_component id="oc-4a">
         <name>.debug_line</name>
         <load_address>0xc6f</load_address>
         <run_address>0xc6f</run_address>
         <size>0x88</size>
         <input_file_ref idref="fl-c3"/>
      </object_component>
      <object_component id="oc-62">
         <name>.debug_line</name>
         <load_address>0xcf7</load_address>
         <run_address>0xcf7</run_address>
         <size>0x3d</size>
         <input_file_ref idref="fl-c5"/>
      </object_component>
      <object_component id="oc-69">
         <name>.debug_line</name>
         <load_address>0xd34</load_address>
         <run_address>0xd34</run_address>
         <size>0x40</size>
         <input_file_ref idref="fl-c6"/>
      </object_component>
      <object_component id="oc-bb">
         <name>.debug_line</name>
         <load_address>0xd74</load_address>
         <run_address>0xd74</run_address>
         <size>0x33</size>
         <input_file_ref idref="fl-c7"/>
      </object_component>
      <object_component id="oc-f2">
         <name>.debug_line</name>
         <load_address>0xda7</load_address>
         <run_address>0xda7</run_address>
         <size>0x20</size>
         <input_file_ref idref="fl-c8"/>
      </object_component>
      <object_component id="oc-df">
         <name>.debug_line</name>
         <load_address>0xdc7</load_address>
         <run_address>0xdc7</run_address>
         <size>0x2b</size>
         <input_file_ref idref="fl-c8"/>
      </object_component>
      <object_component id="oc-dd">
         <name>.debug_line</name>
         <load_address>0xdf2</load_address>
         <run_address>0xdf2</run_address>
         <size>0x68</size>
         <input_file_ref idref="fl-c8"/>
      </object_component>
      <object_component id="oc-d0">
         <name>.debug_line</name>
         <load_address>0xe5a</load_address>
         <run_address>0xe5a</run_address>
         <size>0x2b</size>
         <input_file_ref idref="fl-c9"/>
      </object_component>
      <object_component id="oc-75">
         <name>.debug_line</name>
         <load_address>0xe85</load_address>
         <run_address>0xe85</run_address>
         <size>0x4a</size>
         <input_file_ref idref="fl-c9"/>
      </object_component>
      <object_component id="oc-d4">
         <name>.debug_line</name>
         <load_address>0xecf</load_address>
         <run_address>0xecf</run_address>
         <size>0x2b</size>
         <input_file_ref idref="fl-c9"/>
      </object_component>
      <object_component id="oc-c4">
         <name>.debug_line</name>
         <load_address>0xefa</load_address>
         <run_address>0xefa</run_address>
         <size>0xa9</size>
         <input_file_ref idref="fl-ca"/>
      </object_component>
      <object_component id="oc-6c">
         <name>.debug_line</name>
         <load_address>0xfa3</load_address>
         <run_address>0xfa3</run_address>
         <size>0x8b</size>
         <input_file_ref idref="fl-ca"/>
      </object_component>
      <object_component id="oc-c8">
         <name>.debug_line</name>
         <load_address>0x102e</load_address>
         <run_address>0x102e</run_address>
         <size>0x2e</size>
         <input_file_ref idref="fl-ca"/>
      </object_component>
      <object_component id="oc-ee">
         <name>.debug_line</name>
         <load_address>0x105c</load_address>
         <run_address>0x105c</run_address>
         <size>0x8a</size>
         <input_file_ref idref="fl-ca"/>
      </object_component>
      <object_component id="oc-cd">
         <name>.debug_line</name>
         <load_address>0x10e6</load_address>
         <run_address>0x10e6</run_address>
         <size>0x8b</size>
         <input_file_ref idref="fl-ca"/>
      </object_component>
      <object_component id="oc-e5">
         <name>.debug_line</name>
         <load_address>0x1171</load_address>
         <run_address>0x1171</run_address>
         <size>0x98</size>
         <input_file_ref idref="fl-cb"/>
      </object_component>
      <object_component id="oc-a6">
         <name>.debug_line</name>
         <load_address>0x1209</load_address>
         <run_address>0x1209</run_address>
         <size>0x68</size>
         <input_file_ref idref="fl-cb"/>
      </object_component>
      <object_component id="oc-e9">
         <name>.debug_line</name>
         <load_address>0x1271</load_address>
         <run_address>0x1271</run_address>
         <size>0x2e</size>
         <input_file_ref idref="fl-cb"/>
      </object_component>
      <object_component id="oc-ab">
         <name>.debug_line</name>
         <load_address>0x129f</load_address>
         <run_address>0x129f</run_address>
         <size>0x3c</size>
         <input_file_ref idref="fl-cc"/>
      </object_component>
      <object_component id="oc-bd">
         <name>.debug_abbrev</name>
         <load_address>0x0</load_address>
         <run_address>0x0</run_address>
         <size>0x51</size>
         <input_file_ref idref="fl-2"/>
      </object_component>
      <object_component id="oc-86">
         <name>.debug_abbrev</name>
         <load_address>0x51</load_address>
         <run_address>0x51</run_address>
         <size>0x5e</size>
         <input_file_ref idref="fl-3"/>
      </object_component>
      <object_component id="oc-43">
         <name>.debug_abbrev</name>
         <load_address>0xaf</load_address>
         <run_address>0xaf</run_address>
         <size>0x1f</size>
         <input_file_ref idref="fl-3"/>
      </object_component>
      <object_component id="oc-87">
         <name>.debug_abbrev</name>
         <load_address>0xce</load_address>
         <run_address>0xce</run_address>
         <size>0x5f</size>
         <input_file_ref idref="fl-4"/>
      </object_component>
      <object_component id="oc-38">
         <name>.debug_abbrev</name>
         <load_address>0x12d</load_address>
         <run_address>0x12d</run_address>
         <size>0x29</size>
         <input_file_ref idref="fl-4"/>
      </object_component>
      <object_component id="oc-80">
         <name>.debug_abbrev</name>
         <load_address>0x156</load_address>
         <run_address>0x156</run_address>
         <size>0xf8</size>
         <input_file_ref idref="fl-4"/>
      </object_component>
      <object_component id="oc-7f">
         <name>.debug_abbrev</name>
         <load_address>0x24e</load_address>
         <run_address>0x24e</run_address>
         <size>0x3e</size>
         <input_file_ref idref="fl-be"/>
      </object_component>
      <object_component id="oc-be">
         <name>.debug_abbrev</name>
         <load_address>0x28c</load_address>
         <run_address>0x28c</run_address>
         <size>0x37</size>
         <input_file_ref idref="fl-bf"/>
      </object_component>
      <object_component id="oc-3b">
         <name>.debug_abbrev</name>
         <load_address>0x2c3</load_address>
         <run_address>0x2c3</run_address>
         <size>0x6f</size>
         <input_file_ref idref="fl-bf"/>
      </object_component>
      <object_component id="oc-3e">
         <name>.debug_abbrev</name>
         <load_address>0x332</load_address>
         <run_address>0x332</run_address>
         <size>0x24</size>
         <input_file_ref idref="fl-bf"/>
      </object_component>
      <object_component id="oc-8b">
         <name>.debug_abbrev</name>
         <load_address>0x356</load_address>
         <run_address>0x356</run_address>
         <size>0x35</size>
         <input_file_ref idref="fl-bf"/>
      </object_component>
      <object_component id="oc-95">
         <name>.debug_abbrev</name>
         <load_address>0x38b</load_address>
         <run_address>0x38b</run_address>
         <size>0x5d</size>
         <input_file_ref idref="fl-c0"/>
      </object_component>
      <object_component id="oc-4b">
         <name>.debug_abbrev</name>
         <load_address>0x3e8</load_address>
         <run_address>0x3e8</run_address>
         <size>0x74</size>
         <input_file_ref idref="fl-c0"/>
      </object_component>
      <object_component id="oc-4e">
         <name>.debug_abbrev</name>
         <load_address>0x45c</load_address>
         <run_address>0x45c</run_address>
         <size>0x24</size>
         <input_file_ref idref="fl-c0"/>
      </object_component>
      <object_component id="oc-92">
         <name>.debug_abbrev</name>
         <load_address>0x480</load_address>
         <run_address>0x480</run_address>
         <size>0x24</size>
         <input_file_ref idref="fl-c0"/>
      </object_component>
      <object_component id="oc-9a">
         <name>.debug_abbrev</name>
         <load_address>0x4a4</load_address>
         <run_address>0x4a4</run_address>
         <size>0x24</size>
         <input_file_ref idref="fl-c1"/>
      </object_component>
      <object_component id="oc-e2">
         <name>.debug_abbrev</name>
         <load_address>0x4c8</load_address>
         <run_address>0x4c8</run_address>
         <size>0xb3</size>
         <input_file_ref idref="fl-c2"/>
      </object_component>
      <object_component id="oc-d6">
         <name>.debug_abbrev</name>
         <load_address>0x57b</load_address>
         <run_address>0x57b</run_address>
         <size>0x29</size>
         <input_file_ref idref="fl-c2"/>
      </object_component>
      <object_component id="oc-b7">
         <name>.debug_abbrev</name>
         <load_address>0x5a4</load_address>
         <run_address>0x5a4</run_address>
         <size>0xba</size>
         <input_file_ref idref="fl-c2"/>
      </object_component>
      <object_component id="oc-8f">
         <name>.debug_abbrev</name>
         <load_address>0x65e</load_address>
         <run_address>0x65e</run_address>
         <size>0x3e</size>
         <input_file_ref idref="fl-c3"/>
      </object_component>
      <object_component id="oc-9f">
         <name>.debug_abbrev</name>
         <load_address>0x69c</load_address>
         <run_address>0x69c</run_address>
         <size>0x53</size>
         <input_file_ref idref="fl-c5"/>
      </object_component>
      <object_component id="oc-a0">
         <name>.debug_abbrev</name>
         <load_address>0x6ef</load_address>
         <run_address>0x6ef</run_address>
         <size>0x55</size>
         <input_file_ref idref="fl-c6"/>
      </object_component>
      <object_component id="oc-ba">
         <name>.debug_abbrev</name>
         <load_address>0x744</load_address>
         <run_address>0x744</run_address>
         <size>0x27</size>
         <input_file_ref idref="fl-c7"/>
      </object_component>
      <object_component id="oc-f1">
         <name>.debug_abbrev</name>
         <load_address>0x76b</load_address>
         <run_address>0x76b</run_address>
         <size>0x50</size>
         <input_file_ref idref="fl-c8"/>
      </object_component>
      <object_component id="oc-de">
         <name>.debug_abbrev</name>
         <load_address>0x7bb</load_address>
         <run_address>0x7bb</run_address>
         <size>0x29</size>
         <input_file_ref idref="fl-c8"/>
      </object_component>
      <object_component id="oc-f0">
         <name>.debug_abbrev</name>
         <load_address>0x7e4</load_address>
         <run_address>0x7e4</run_address>
         <size>0x6f</size>
         <input_file_ref idref="fl-c8"/>
      </object_component>
      <object_component id="oc-cf">
         <name>.debug_abbrev</name>
         <load_address>0x853</load_address>
         <run_address>0x853</run_address>
         <size>0x99</size>
         <input_file_ref idref="fl-c9"/>
      </object_component>
      <object_component id="oc-af">
         <name>.debug_abbrev</name>
         <load_address>0x8ec</load_address>
         <run_address>0x8ec</run_address>
         <size>0x68</size>
         <input_file_ref idref="fl-c9"/>
      </object_component>
      <object_component id="oc-d3">
         <name>.debug_abbrev</name>
         <load_address>0x954</load_address>
         <run_address>0x954</run_address>
         <size>0x49</size>
         <input_file_ref idref="fl-c9"/>
      </object_component>
      <object_component id="oc-c3">
         <name>.debug_abbrev</name>
         <load_address>0x99d</load_address>
         <run_address>0x99d</run_address>
         <size>0xb9</size>
         <input_file_ref idref="fl-ca"/>
      </object_component>
      <object_component id="oc-ad">
         <name>.debug_abbrev</name>
         <load_address>0xa56</load_address>
         <run_address>0xa56</run_address>
         <size>0x7e</size>
         <input_file_ref idref="fl-ca"/>
      </object_component>
      <object_component id="oc-c7">
         <name>.debug_abbrev</name>
         <load_address>0xad4</load_address>
         <run_address>0xad4</run_address>
         <size>0x24</size>
         <input_file_ref idref="fl-ca"/>
      </object_component>
      <object_component id="oc-ed">
         <name>.debug_abbrev</name>
         <load_address>0xaf8</load_address>
         <run_address>0xaf8</run_address>
         <size>0x24</size>
         <input_file_ref idref="fl-ca"/>
      </object_component>
      <object_component id="oc-cc">
         <name>.debug_abbrev</name>
         <load_address>0xb1c</load_address>
         <run_address>0xb1c</run_address>
         <size>0x4b</size>
         <input_file_ref idref="fl-ca"/>
      </object_component>
      <object_component id="oc-e4">
         <name>.debug_abbrev</name>
         <load_address>0xb67</load_address>
         <run_address>0xb67</run_address>
         <size>0xa7</size>
         <input_file_ref idref="fl-cb"/>
      </object_component>
      <object_component id="oc-c0">
         <name>.debug_abbrev</name>
         <load_address>0xc0e</load_address>
         <run_address>0xc0e</run_address>
         <size>0x8c</size>
         <input_file_ref idref="fl-cb"/>
      </object_component>
      <object_component id="oc-e8">
         <name>.debug_abbrev</name>
         <load_address>0xc9a</load_address>
         <run_address>0xc9a</run_address>
         <size>0x24</size>
         <input_file_ref idref="fl-cb"/>
      </object_component>
      <object_component id="oc-c2">
         <name>.debug_abbrev</name>
         <load_address>0xcbe</load_address>
         <run_address>0xcbe</run_address>
         <size>0x53</size>
         <input_file_ref idref="fl-cc"/>
      </object_component>
      <object_component id="oc-117">
         <name>.debug_abbrev</name>
         <load_address>0xd11</load_address>
         <run_address>0xd11</run_address>
         <size>0xf</size>
      </object_component>
      <object_component id="oc-83">
         <name>.debug_aranges</name>
         <load_address>0x0</load_address>
         <run_address>0x0</run_address>
         <size>0x40</size>
         <input_file_ref idref="fl-2"/>
      </object_component>
      <object_component id="oc-35">
         <name>.debug_aranges</name>
         <load_address>0x40</load_address>
         <run_address>0x40</run_address>
         <size>0x28</size>
         <input_file_ref idref="fl-3"/>
      </object_component>
      <object_component id="oc-2e">
         <name>.debug_aranges</name>
         <load_address>0x68</load_address>
         <run_address>0x68</run_address>
         <size>0x1c8</size>
         <input_file_ref idref="fl-4"/>
      </object_component>
      <object_component id="oc-28">
         <name>.debug_aranges</name>
         <load_address>0x230</load_address>
         <run_address>0x230</run_address>
         <size>0x20</size>
         <input_file_ref idref="fl-be"/>
      </object_component>
      <object_component id="oc-17">
         <name>.debug_aranges</name>
         <load_address>0x250</load_address>
         <run_address>0x250</run_address>
         <size>0x20</size>
         <input_file_ref idref="fl-bf"/>
      </object_component>
      <object_component id="oc-1b">
         <name>.debug_aranges</name>
         <load_address>0x270</load_address>
         <run_address>0x270</run_address>
         <size>0x20</size>
         <input_file_ref idref="fl-c0"/>
      </object_component>
      <object_component id="oc-78">
         <name>.debug_aranges</name>
         <load_address>0x290</load_address>
         <run_address>0x290</run_address>
         <size>0x30</size>
         <input_file_ref idref="fl-c2"/>
      </object_component>
      <object_component id="oc-49">
         <name>.debug_aranges</name>
         <load_address>0x2c0</load_address>
         <run_address>0x2c0</run_address>
         <size>0x20</size>
         <input_file_ref idref="fl-c3"/>
      </object_component>
      <object_component id="oc-5f">
         <name>.debug_aranges</name>
         <load_address>0x2e0</load_address>
         <run_address>0x2e0</run_address>
         <size>0x20</size>
         <input_file_ref idref="fl-c5"/>
      </object_component>
      <object_component id="oc-67">
         <name>.debug_aranges</name>
         <load_address>0x300</load_address>
         <run_address>0x300</run_address>
         <size>0x20</size>
         <input_file_ref idref="fl-c6"/>
      </object_component>
      <object_component id="oc-d9">
         <name>.debug_aranges</name>
         <load_address>0x320</load_address>
         <run_address>0x320</run_address>
         <size>0x30</size>
         <input_file_ref idref="fl-c8"/>
      </object_component>
      <object_component id="oc-74">
         <name>.debug_aranges</name>
         <load_address>0x350</load_address>
         <run_address>0x350</run_address>
         <size>0x20</size>
         <input_file_ref idref="fl-c9"/>
      </object_component>
      <object_component id="oc-6e">
         <name>.debug_aranges</name>
         <load_address>0x370</load_address>
         <run_address>0x370</run_address>
         <size>0x20</size>
         <input_file_ref idref="fl-ca"/>
      </object_component>
      <object_component id="oc-a2">
         <name>.debug_aranges</name>
         <load_address>0x390</load_address>
         <run_address>0x390</run_address>
         <size>0x20</size>
         <input_file_ref idref="fl-cb"/>
      </object_component>
      <object_component id="oc-a8">
         <name>.debug_aranges</name>
         <load_address>0x3b0</load_address>
         <run_address>0x3b0</run_address>
         <size>0x20</size>
         <input_file_ref idref="fl-cc"/>
      </object_component>
      <object_component id="oc-84">
         <name>.debug_pubnames</name>
         <load_address>0x0</load_address>
         <run_address>0x0</run_address>
         <size>0x5b</size>
         <input_file_ref idref="fl-2"/>
      </object_component>
      <object_component id="oc-34">
         <name>.debug_pubnames</name>
         <load_address>0x5b</load_address>
         <run_address>0x5b</run_address>
         <size>0x30</size>
         <input_file_ref idref="fl-3"/>
      </object_component>
      <object_component id="oc-12">
         <name>.debug_pubnames</name>
         <load_address>0x8b</load_address>
         <run_address>0x8b</run_address>
         <size>0x27</size>
         <input_file_ref idref="fl-4"/>
      </object_component>
      <object_component id="oc-2f">
         <name>.debug_pubnames</name>
         <load_address>0xb2</load_address>
         <run_address>0xb2</run_address>
         <size>0x474</size>
         <input_file_ref idref="fl-4"/>
      </object_component>
      <object_component id="oc-29">
         <name>.debug_pubnames</name>
         <load_address>0x526</load_address>
         <run_address>0x526</run_address>
         <size>0x1f</size>
         <input_file_ref idref="fl-be"/>
      </object_component>
      <object_component id="oc-16">
         <name>.debug_pubnames</name>
         <load_address>0x545</load_address>
         <run_address>0x545</run_address>
         <size>0x2b</size>
         <input_file_ref idref="fl-bf"/>
      </object_component>
      <object_component id="oc-1c">
         <name>.debug_pubnames</name>
         <load_address>0x570</load_address>
         <run_address>0x570</run_address>
         <size>0x2b</size>
         <input_file_ref idref="fl-c0"/>
      </object_component>
      <object_component id="oc-b3">
         <name>.debug_pubnames</name>
         <load_address>0x59b</load_address>
         <run_address>0x59b</run_address>
         <size>0x5e</size>
         <input_file_ref idref="fl-c2"/>
      </object_component>
      <object_component id="oc-79">
         <name>.debug_pubnames</name>
         <load_address>0x5f9</load_address>
         <run_address>0x5f9</run_address>
         <size>0x35</size>
         <input_file_ref idref="fl-c2"/>
      </object_component>
      <object_component id="oc-48">
         <name>.debug_pubnames</name>
         <load_address>0x62e</load_address>
         <run_address>0x62e</run_address>
         <size>0x1d</size>
         <input_file_ref idref="fl-c3"/>
      </object_component>
      <object_component id="oc-61">
         <name>.debug_pubnames</name>
         <load_address>0x64b</load_address>
         <run_address>0x64b</run_address>
         <size>0x21</size>
         <input_file_ref idref="fl-c5"/>
      </object_component>
      <object_component id="oc-66">
         <name>.debug_pubnames</name>
         <load_address>0x66c</load_address>
         <run_address>0x66c</run_address>
         <size>0x27</size>
         <input_file_ref idref="fl-c6"/>
      </object_component>
      <object_component id="oc-7e">
         <name>.debug_pubnames</name>
         <load_address>0x693</load_address>
         <run_address>0x693</run_address>
         <size>0x23</size>
         <input_file_ref idref="fl-c7"/>
      </object_component>
      <object_component id="oc-b6">
         <name>.debug_pubnames</name>
         <load_address>0x6b6</load_address>
         <run_address>0x6b6</run_address>
         <size>0x28</size>
         <input_file_ref idref="fl-c8"/>
      </object_component>
      <object_component id="oc-db">
         <name>.debug_pubnames</name>
         <load_address>0x6de</load_address>
         <run_address>0x6de</run_address>
         <size>0x43</size>
         <input_file_ref idref="fl-c8"/>
      </object_component>
      <object_component id="oc-73">
         <name>.debug_pubnames</name>
         <load_address>0x721</load_address>
         <run_address>0x721</run_address>
         <size>0x21</size>
         <input_file_ref idref="fl-c9"/>
      </object_component>
      <object_component id="oc-6f">
         <name>.debug_pubnames</name>
         <load_address>0x742</load_address>
         <run_address>0x742</run_address>
         <size>0x25</size>
         <input_file_ref idref="fl-ca"/>
      </object_component>
      <object_component id="oc-a4">
         <name>.debug_pubnames</name>
         <load_address>0x767</load_address>
         <run_address>0x767</run_address>
         <size>0x1e</size>
         <input_file_ref idref="fl-cb"/>
      </object_component>
      <object_component id="oc-aa">
         <name>.debug_pubnames</name>
         <load_address>0x785</load_address>
         <run_address>0x785</run_address>
         <size>0x29</size>
         <input_file_ref idref="fl-cc"/>
      </object_component>
      <object_component id="oc-36">
         <name>.debug_frame</name>
         <load_address>0x0</load_address>
         <run_address>0x0</run_address>
         <size>0x70</size>
         <input_file_ref idref="fl-3"/>
      </object_component>
      <object_component id="oc-31">
         <name>.debug_frame</name>
         <load_address>0x70</load_address>
         <run_address>0x70</run_address>
         <size>0x478</size>
         <input_file_ref idref="fl-4"/>
      </object_component>
      <object_component id="oc-18">
         <name>.debug_frame</name>
         <load_address>0x4e8</load_address>
         <run_address>0x4e8</run_address>
         <size>0x60</size>
         <input_file_ref idref="fl-bf"/>
      </object_component>
      <object_component id="oc-1e">
         <name>.debug_frame</name>
         <load_address>0x548</load_address>
         <run_address>0x548</run_address>
         <size>0x54</size>
         <input_file_ref idref="fl-c0"/>
      </object_component>
      <object_component id="oc-7b">
         <name>.debug_frame</name>
         <load_address>0x59c</load_address>
         <run_address>0x59c</run_address>
         <size>0x88</size>
         <input_file_ref idref="fl-c2"/>
      </object_component>
      <object_component id="oc-63">
         <name>.debug_frame</name>
         <load_address>0x624</load_address>
         <run_address>0x624</run_address>
         <size>0x54</size>
         <input_file_ref idref="fl-c5"/>
      </object_component>
      <object_component id="oc-68">
         <name>.debug_frame</name>
         <load_address>0x678</load_address>
         <run_address>0x678</run_address>
         <size>0x54</size>
         <input_file_ref idref="fl-c6"/>
      </object_component>
      <object_component id="oc-dc">
         <name>.debug_frame</name>
         <load_address>0x6cc</load_address>
         <run_address>0x6cc</run_address>
         <size>0x7c</size>
         <input_file_ref idref="fl-c8"/>
      </object_component>
      <object_component id="oc-71">
         <name>.debug_frame</name>
         <load_address>0x748</load_address>
         <run_address>0x748</run_address>
         <size>0x54</size>
         <input_file_ref idref="fl-c9"/>
      </object_component>
      <object_component id="oc-6b">
         <name>.debug_frame</name>
         <load_address>0x79c</load_address>
         <run_address>0x79c</run_address>
         <size>0x5c</size>
         <input_file_ref idref="fl-ca"/>
      </object_component>
      <object_component id="oc-a5">
         <name>.debug_frame</name>
         <load_address>0x7f8</load_address>
         <run_address>0x7f8</run_address>
         <size>0x60</size>
         <input_file_ref idref="fl-cb"/>
      </object_component>
      <object_component id="oc-ac">
         <name>.debug_frame</name>
         <load_address>0x858</load_address>
         <run_address>0x858</run_address>
         <size>0x54</size>
         <input_file_ref idref="fl-cc"/>
      </object_component>
      <object_component id="oc-45">
         <name>.debug_str</name>
         <load_address>0x0</load_address>
         <run_address>0x0</run_address>
         <size>0xfa</size>
         <input_file_ref idref="fl-3"/>
      </object_component>
      <object_component id="oc-40">
         <name>.debug_str</name>
         <load_address>0xfa</load_address>
         <run_address>0xfa</run_address>
         <size>0x10d</size>
         <input_file_ref idref="fl-bf"/>
      </object_component>
      <object_component id="oc-8d">
         <name>.debug_str</name>
         <load_address>0x207</load_address>
         <run_address>0x207</run_address>
         <size>0x14a</size>
         <input_file_ref idref="fl-bf"/>
      </object_component>
      <object_component id="oc-50">
         <name>.debug_str</name>
         <load_address>0x351</load_address>
         <run_address>0x351</run_address>
         <size>0x100</size>
         <input_file_ref idref="fl-c0"/>
      </object_component>
      <object_component id="oc-94">
         <name>.debug_str</name>
         <load_address>0x451</load_address>
         <run_address>0x451</run_address>
         <size>0x12d</size>
         <input_file_ref idref="fl-c0"/>
      </object_component>
      <object_component id="oc-9c">
         <name>.debug_str</name>
         <load_address>0x57e</load_address>
         <run_address>0x57e</run_address>
         <size>0x12d</size>
         <input_file_ref idref="fl-c1"/>
      </object_component>
      <object_component id="oc-d5">
         <name>.debug_str</name>
         <load_address>0x6ab</load_address>
         <run_address>0x6ab</run_address>
         <size>0xd6</size>
         <input_file_ref idref="fl-c9"/>
      </object_component>
      <object_component id="oc-c9">
         <name>.debug_str</name>
         <load_address>0x781</load_address>
         <run_address>0x781</run_address>
         <size>0xe2</size>
         <input_file_ref idref="fl-ca"/>
      </object_component>
      <object_component id="oc-ef">
         <name>.debug_str</name>
         <load_address>0x863</load_address>
         <run_address>0x863</run_address>
         <size>0x138</size>
         <input_file_ref idref="fl-ca"/>
      </object_component>
      <object_component id="oc-ce">
         <name>.debug_str</name>
         <load_address>0x99b</load_address>
         <run_address>0x99b</run_address>
         <size>0x184</size>
         <input_file_ref idref="fl-ca"/>
      </object_component>
      <object_component id="oc-ea">
         <name>.debug_str</name>
         <load_address>0xb1f</load_address>
         <run_address>0xb1f</run_address>
         <size>0xd7</size>
         <input_file_ref idref="fl-cb"/>
      </object_component>
      <object_component id="oc-42">
         <name>.debug_pubtypes</name>
         <load_address>0x0</load_address>
         <run_address>0x0</run_address>
         <size>0xed</size>
         <input_file_ref idref="fl-3"/>
      </object_component>
      <object_component id="oc-3d">
         <name>.debug_pubtypes</name>
         <load_address>0xed</load_address>
         <run_address>0xed</run_address>
         <size>0x5d</size>
         <input_file_ref idref="fl-bf"/>
      </object_component>
      <object_component id="oc-8a">
         <name>.debug_pubtypes</name>
         <load_address>0x14a</load_address>
         <run_address>0x14a</run_address>
         <size>0x42</size>
         <input_file_ref idref="fl-bf"/>
      </object_component>
      <object_component id="oc-4d">
         <name>.debug_pubtypes</name>
         <load_address>0x18c</load_address>
         <run_address>0x18c</run_address>
         <size>0x48</size>
         <input_file_ref idref="fl-c0"/>
      </object_component>
      <object_component id="oc-91">
         <name>.debug_pubtypes</name>
         <load_address>0x1d4</load_address>
         <run_address>0x1d4</run_address>
         <size>0x1d</size>
         <input_file_ref idref="fl-c0"/>
      </object_component>
      <object_component id="oc-99">
         <name>.debug_pubtypes</name>
         <load_address>0x1f1</load_address>
         <run_address>0x1f1</run_address>
         <size>0x1d</size>
         <input_file_ref idref="fl-c1"/>
      </object_component>
      <object_component id="oc-b9">
         <name>.debug_pubtypes</name>
         <load_address>0x20e</load_address>
         <run_address>0x20e</run_address>
         <size>0x1f</size>
         <input_file_ref idref="fl-c2"/>
      </object_component>
      <object_component id="oc-e1">
         <name>.debug_pubtypes</name>
         <load_address>0x22d</load_address>
         <run_address>0x22d</run_address>
         <size>0x1f</size>
         <input_file_ref idref="fl-c8"/>
      </object_component>
      <object_component id="oc-d2">
         <name>.debug_pubtypes</name>
         <load_address>0x24c</load_address>
         <run_address>0x24c</run_address>
         <size>0x1b</size>
         <input_file_ref idref="fl-c9"/>
      </object_component>
      <object_component id="oc-c6">
         <name>.debug_pubtypes</name>
         <load_address>0x267</load_address>
         <run_address>0x267</run_address>
         <size>0x32</size>
         <input_file_ref idref="fl-ca"/>
      </object_component>
      <object_component id="oc-ec">
         <name>.debug_pubtypes</name>
         <load_address>0x299</load_address>
         <run_address>0x299</run_address>
         <size>0x2c</size>
         <input_file_ref idref="fl-ca"/>
      </object_component>
      <object_component id="oc-cb">
         <name>.debug_pubtypes</name>
         <load_address>0x2c5</load_address>
         <run_address>0x2c5</run_address>
         <size>0x50</size>
         <input_file_ref idref="fl-ca"/>
      </object_component>
      <object_component id="oc-e7">
         <name>.debug_pubtypes</name>
         <load_address>0x315</load_address>
         <run_address>0x315</run_address>
         <size>0x23</size>
         <input_file_ref idref="fl-cb"/>
      </object_component>
   </object_component_list>
   <logical_group_list>
      <logical_group id="lg-4" display="no" color="cyan">
         <name>.intvecs</name>
         <load_address>0x0</load_address>
         <run_address>0x0</run_address>
         <size>0x144</size>
         <contents>
            <object_component_ref idref="oc-10"/>
         </contents>
      </logical_group>
      <logical_group id="lg-5" display="no" color="cyan">
         <name>.text</name>
         <load_address>0x144</load_address>
         <run_address>0x144</run_address>
         <size>0x39e</size>
         <contents>
            <object_component_ref idref="oc-46"/>
            <object_component_ref idref="oc-2c"/>
            <object_component_ref idref="oc-5e"/>
            <object_component_ref idref="oc-6a"/>
            <object_component_ref idref="oc-13"/>
            <object_component_ref idref="oc-25"/>
            <object_component_ref idref="oc-76"/>
            <object_component_ref idref="oc-a1"/>
            <object_component_ref idref="oc-81"/>
            <object_component_ref idref="oc-a7"/>
            <object_component_ref idref="oc-70"/>
            <object_component_ref idref="oc-d8"/>
            <object_component_ref idref="oc-32"/>
            <object_component_ref idref="oc-19"/>
            <object_component_ref idref="oc-64"/>
         </contents>
      </logical_group>
      <logical_group id="lg-6" display="no" color="cyan">
         <name>.const</name>
         <run_address>0x0</run_address>
         <size>0x0</size>
         <contents>
         </contents>
      </logical_group>
      <logical_group id="lg-7" display="no" color="cyan">
         <name>.cinit</name>
         <load_address>0x4e8</load_address>
         <run_address>0x4e8</run_address>
         <size>0x28</size>
         <contents>
            <object_component_ref idref="oc-114"/>
            <object_component_ref idref="oc-112"/>
            <object_component_ref idref="oc-113"/>
         </contents>
      </logical_group>
      <logical_group id="lg-8" display="no" color="cyan">
         <name>.pinit</name>
         <run_address>0x0</run_address>
         <size>0x0</size>
         <contents>
         </contents>
      </logical_group>
      <logical_group id="lg-9" display="no" color="cyan">
         <name>.flashMailbox</name>
         <run_address>0x0</run_address>
         <size>0x0</size>
         <contents>
         </contents>
      </logical_group>
      <logical_group id="lg-a" display="no" color="cyan">
         <name>.vtable</name>
         <run_address>0x0</run_address>
         <size>0x0</size>
         <contents>
         </contents>
      </logical_group>
      <logical_group id="lg-b" display="no" color="cyan">
         <name>.data</name>
         <run_address>0x20000000</run_address>
         <size>0x20</size>
         <contents>
            <object_component_ref idref="oc-bc"/>
            <object_component_ref idref="oc-b1"/>
            <object_component_ref idref="oc-7c"/>
            <object_component_ref idref="oc-b4"/>
         </contents>
      </logical_group>
      <logical_group id="lg-c" display="no" color="cyan">
         <name>.bss</name>
         <run_address>0x0</run_address>
         <size>0x0</size>
         <contents>
         </contents>
      </logical_group>
      <logical_group id="lg-d" display="no" color="cyan">
         <name>.sysmem</name>
         <run_address>0x0</run_address>
         <size>0x0</size>
         <contents>
         </contents>
      </logical_group>
      <logical_group id="lg-e" display="no" color="cyan">
         <name>.stack</name>
         <run_address>0x2000fe00</run_address>
         <size>0x200</size>
         <contents>
            <object_component_ref idref="oc-2b"/>
            <object_component_ref idref="oc-115"/>
         </contents>
      </logical_group>
      <logical_group id="lg-f3" display="no" color="cyan">
         <name>.TI.noinit</name>
         <run_address>0x0</run_address>
         <size>0x0</size>
         <contents>
         </contents>
      </logical_group>
      <logical_group id="lg-f4" display="no" color="cyan">
         <name>.TI.persistent</name>
         <run_address>0x0</run_address>
         <size>0x0</size>
         <contents>
         </contents>
      </logical_group>
      <logical_group id="lg-102" display="never" color="cyan">
         <name>.debug_info</name>
         <load_address>0x0</load_address>
         <run_address>0x0</run_address>
         <size>0x4f1b</size>
         <contents>
            <object_component_ref idref="oc-82"/>
            <object_component_ref idref="oc-33"/>
            <object_component_ref idref="oc-41"/>
            <object_component_ref idref="oc-3a"/>
            <object_component_ref idref="oc-11"/>
            <object_component_ref idref="oc-2d"/>
            <object_component_ref idref="oc-27"/>
            <object_component_ref idref="oc-8e"/>
            <object_component_ref idref="oc-15"/>
            <object_component_ref idref="oc-3c"/>
            <object_component_ref idref="oc-89"/>
            <object_component_ref idref="oc-51"/>
            <object_component_ref idref="oc-1a"/>
            <object_component_ref idref="oc-4c"/>
            <object_component_ref idref="oc-90"/>
            <object_component_ref idref="oc-98"/>
            <object_component_ref idref="oc-b8"/>
            <object_component_ref idref="oc-b2"/>
            <object_component_ref idref="oc-77"/>
            <object_component_ref idref="oc-47"/>
            <object_component_ref idref="oc-60"/>
            <object_component_ref idref="oc-65"/>
            <object_component_ref idref="oc-7d"/>
            <object_component_ref idref="oc-e0"/>
            <object_component_ref idref="oc-b5"/>
            <object_component_ref idref="oc-da"/>
            <object_component_ref idref="oc-b0"/>
            <object_component_ref idref="oc-72"/>
            <object_component_ref idref="oc-d1"/>
            <object_component_ref idref="oc-ae"/>
            <object_component_ref idref="oc-6d"/>
            <object_component_ref idref="oc-c5"/>
            <object_component_ref idref="oc-eb"/>
            <object_component_ref idref="oc-ca"/>
            <object_component_ref idref="oc-c1"/>
            <object_component_ref idref="oc-a3"/>
            <object_component_ref idref="oc-e6"/>
            <object_component_ref idref="oc-a9"/>
            <object_component_ref idref="oc-116"/>
         </contents>
      </logical_group>
      <logical_group id="lg-104" display="never" color="cyan">
         <name>.debug_line</name>
         <load_address>0x0</load_address>
         <run_address>0x0</run_address>
         <size>0x12db</size>
         <contents>
            <object_component_ref idref="oc-85"/>
            <object_component_ref idref="oc-37"/>
            <object_component_ref idref="oc-44"/>
            <object_component_ref idref="oc-88"/>
            <object_component_ref idref="oc-39"/>
            <object_component_ref idref="oc-30"/>
            <object_component_ref idref="oc-26"/>
            <object_component_ref idref="oc-bf"/>
            <object_component_ref idref="oc-14"/>
            <object_component_ref idref="oc-3f"/>
            <object_component_ref idref="oc-8c"/>
            <object_component_ref idref="oc-96"/>
            <object_component_ref idref="oc-1d"/>
            <object_component_ref idref="oc-4f"/>
            <object_component_ref idref="oc-93"/>
            <object_component_ref idref="oc-9b"/>
            <object_component_ref idref="oc-e3"/>
            <object_component_ref idref="oc-d7"/>
            <object_component_ref idref="oc-7a"/>
            <object_component_ref idref="oc-4a"/>
            <object_component_ref idref="oc-62"/>
            <object_component_ref idref="oc-69"/>
            <object_component_ref idref="oc-bb"/>
            <object_component_ref idref="oc-f2"/>
            <object_component_ref idref="oc-df"/>
            <object_component_ref idref="oc-dd"/>
            <object_component_ref idref="oc-d0"/>
            <object_component_ref idref="oc-75"/>
            <object_component_ref idref="oc-d4"/>
            <object_component_ref idref="oc-c4"/>
            <object_component_ref idref="oc-6c"/>
            <object_component_ref idref="oc-c8"/>
            <object_component_ref idref="oc-ee"/>
            <object_component_ref idref="oc-cd"/>
            <object_component_ref idref="oc-e5"/>
            <object_component_ref idref="oc-a6"/>
            <object_component_ref idref="oc-e9"/>
            <object_component_ref idref="oc-ab"/>
         </contents>
      </logical_group>
      <logical_group id="lg-106" display="never" color="cyan">
         <name>.debug_abbrev</name>
         <load_address>0x0</load_address>
         <run_address>0x0</run_address>
         <size>0xd20</size>
         <contents>
            <object_component_ref idref="oc-bd"/>
            <object_component_ref idref="oc-86"/>
            <object_component_ref idref="oc-43"/>
            <object_component_ref idref="oc-87"/>
            <object_component_ref idref="oc-38"/>
            <object_component_ref idref="oc-80"/>
            <object_component_ref idref="oc-7f"/>
            <object_component_ref idref="oc-be"/>
            <object_component_ref idref="oc-3b"/>
            <object_component_ref idref="oc-3e"/>
            <object_component_ref idref="oc-8b"/>
            <object_component_ref idref="oc-95"/>
            <object_component_ref idref="oc-4b"/>
            <object_component_ref idref="oc-4e"/>
            <object_component_ref idref="oc-92"/>
            <object_component_ref idref="oc-9a"/>
            <object_component_ref idref="oc-e2"/>
            <object_component_ref idref="oc-d6"/>
            <object_component_ref idref="oc-b7"/>
            <object_component_ref idref="oc-8f"/>
            <object_component_ref idref="oc-9f"/>
            <object_component_ref idref="oc-a0"/>
            <object_component_ref idref="oc-ba"/>
            <object_component_ref idref="oc-f1"/>
            <object_component_ref idref="oc-de"/>
            <object_component_ref idref="oc-f0"/>
            <object_component_ref idref="oc-cf"/>
            <object_component_ref idref="oc-af"/>
            <object_component_ref idref="oc-d3"/>
            <object_component_ref idref="oc-c3"/>
            <object_component_ref idref="oc-ad"/>
            <object_component_ref idref="oc-c7"/>
            <object_component_ref idref="oc-ed"/>
            <object_component_ref idref="oc-cc"/>
            <object_component_ref idref="oc-e4"/>
            <object_component_ref idref="oc-c0"/>
            <object_component_ref idref="oc-e8"/>
            <object_component_ref idref="oc-c2"/>
            <object_component_ref idref="oc-117"/>
         </contents>
      </logical_group>
      <logical_group id="lg-108" display="never" color="cyan">
         <name>.debug_aranges</name>
         <load_address>0x0</load_address>
         <run_address>0x0</run_address>
         <size>0x3d0</size>
         <contents>
            <object_component_ref idref="oc-83"/>
            <object_component_ref idref="oc-35"/>
            <object_component_ref idref="oc-2e"/>
            <object_component_ref idref="oc-28"/>
            <object_component_ref idref="oc-17"/>
            <object_component_ref idref="oc-1b"/>
            <object_component_ref idref="oc-78"/>
            <object_component_ref idref="oc-49"/>
            <object_component_ref idref="oc-5f"/>
            <object_component_ref idref="oc-67"/>
            <object_component_ref idref="oc-d9"/>
            <object_component_ref idref="oc-74"/>
            <object_component_ref idref="oc-6e"/>
            <object_component_ref idref="oc-a2"/>
            <object_component_ref idref="oc-a8"/>
         </contents>
      </logical_group>
      <logical_group id="lg-10a" display="never" color="cyan">
         <name>.debug_pubnames</name>
         <load_address>0x0</load_address>
         <run_address>0x0</run_address>
         <size>0x7ae</size>
         <contents>
            <object_component_ref idref="oc-84"/>
            <object_component_ref idref="oc-34"/>
            <object_component_ref idref="oc-12"/>
            <object_component_ref idref="oc-2f"/>
            <object_component_ref idref="oc-29"/>
            <object_component_ref idref="oc-16"/>
            <object_component_ref idref="oc-1c"/>
            <object_component_ref idref="oc-b3"/>
            <object_component_ref idref="oc-79"/>
            <object_component_ref idref="oc-48"/>
            <object_component_ref idref="oc-61"/>
            <object_component_ref idref="oc-66"/>
            <object_component_ref idref="oc-7e"/>
            <object_component_ref idref="oc-b6"/>
            <object_component_ref idref="oc-db"/>
            <object_component_ref idref="oc-73"/>
            <object_component_ref idref="oc-6f"/>
            <object_component_ref idref="oc-a4"/>
            <object_component_ref idref="oc-aa"/>
         </contents>
      </logical_group>
      <logical_group id="lg-10c" display="never" color="cyan">
         <name>.debug_frame</name>
         <load_address>0x0</load_address>
         <run_address>0x0</run_address>
         <size>0x8ac</size>
         <contents>
            <object_component_ref idref="oc-36"/>
            <object_component_ref idref="oc-31"/>
            <object_component_ref idref="oc-18"/>
            <object_component_ref idref="oc-1e"/>
            <object_component_ref idref="oc-7b"/>
            <object_component_ref idref="oc-63"/>
            <object_component_ref idref="oc-68"/>
            <object_component_ref idref="oc-dc"/>
            <object_component_ref idref="oc-71"/>
            <object_component_ref idref="oc-6b"/>
            <object_component_ref idref="oc-a5"/>
            <object_component_ref idref="oc-ac"/>
         </contents>
      </logical_group>
      <logical_group id="lg-10e" display="never" color="cyan">
         <name>.debug_str</name>
         <load_address>0x0</load_address>
         <run_address>0x0</run_address>
         <size>0xbf6</size>
         <contents>
            <object_component_ref idref="oc-45"/>
            <object_component_ref idref="oc-40"/>
            <object_component_ref idref="oc-8d"/>
            <object_component_ref idref="oc-50"/>
            <object_component_ref idref="oc-94"/>
            <object_component_ref idref="oc-9c"/>
            <object_component_ref idref="oc-d5"/>
            <object_component_ref idref="oc-c9"/>
            <object_component_ref idref="oc-ef"/>
            <object_component_ref idref="oc-ce"/>
            <object_component_ref idref="oc-ea"/>
         </contents>
      </logical_group>
      <logical_group id="lg-110" display="never" color="cyan">
         <name>.debug_pubtypes</name>
         <load_address>0x0</load_address>
         <run_address>0x0</run_address>
         <size>0x338</size>
         <contents>
            <object_component_ref idref="oc-42"/>
            <object_component_ref idref="oc-3d"/>
            <object_component_ref idref="oc-8a"/>
            <object_component_ref idref="oc-4d"/>
            <object_component_ref idref="oc-91"/>
            <object_component_ref idref="oc-99"/>
            <object_component_ref idref="oc-b9"/>
            <object_component_ref idref="oc-e1"/>
            <object_component_ref idref="oc-d2"/>
            <object_component_ref idref="oc-c6"/>
            <object_component_ref idref="oc-ec"/>
            <object_component_ref idref="oc-cb"/>
            <object_component_ref idref="oc-e7"/>
         </contents>
      </logical_group>
      <load_segment id="lg-119" display="no" color="cyan">
         <name>SEGMENT_0</name>
         <load_address>0x0</load_address>
         <run_address>0x0</run_address>
         <size>0x510</size>
         <flags>0x5</flags>
         <contents>
            <logical_group_ref idref="lg-4"/>
            <logical_group_ref idref="lg-5"/>
            <logical_group_ref idref="lg-7"/>
         </contents>
      </load_segment>
      <load_segment id="lg-11a" display="no" color="cyan">
         <name>SEGMENT_1</name>
         <run_address>0x20000000</run_address>
         <size>0x20</size>
         <flags>0x6</flags>
         <contents>
            <logical_group_ref idref="lg-b"/>
         </contents>
      </load_segment>
      <load_segment id="lg-11b" display="no" color="cyan">
         <name>SEGMENT_2</name>
         <run_address>0x2000fe00</run_address>
         <size>0x200</size>
         <flags>0x6</flags>
         <contents>
            <logical_group_ref idref="lg-e"/>
         </contents>
      </load_segment>
   </logical_group_list>
   <placement_map>
      <memory_area display="yes" color="green">
         <name>MAIN</name>
         <page_id>0x0</page_id>
         <origin>0x0</origin>
         <length>0x40000</length>
         <used_space>0x50a</used_space>
         <unused_space>0x3faf6</unused_space>
         <attributes>RX</attributes>
         <usage_details>
            <allocated_space>
               <start_address>0x0</start_address>
               <size>0x144</size>
               <logical_group_ref idref="lg-4"/>
            </allocated_space>
            <allocated_space>
               <start_address>0x144</start_address>
               <size>0x39e</size>
               <logical_group_ref idref="lg-5"/>
            </allocated_space>
            <available_space>
               <start_address>0x4e2</start_address>
               <size>0x6</size>
            </available_space>
            <allocated_space>
               <start_address>0x4e8</start_address>
               <size>0x28</size>
               <logical_group_ref idref="lg-7"/>
            </allocated_space>
            <available_space>
               <start_address>0x510</start_address>
               <size>0x3faf0</size>
            </available_space>
         </usage_details>
      </memory_area>
      <memory_area display="yes" color="green">
         <name>INFO</name>
         <page_id>0x0</page_id>
         <origin>0x200000</origin>
         <length>0x4000</length>
         <used_space>0x0</used_space>
         <unused_space>0x4000</unused_space>
         <attributes>RX</attributes>
         <usage_details>
         </usage_details>
      </memory_area>
      <memory_area display="yes" color="green">
         <name>SRAM_CODE</name>
         <page_id>0x0</page_id>
         <origin>0x1000000</origin>
         <length>0x10000</length>
         <used_space>0x0</used_space>
         <unused_space>0x10000</unused_space>
         <attributes>RWX</attributes>
         <usage_details>
         </usage_details>
      </memory_area>
      <memory_area display="yes" color="green">
         <name>SRAM_DATA</name>
         <page_id>0x0</page_id>
         <origin>0x20000000</origin>
         <length>0x10000</length>
         <used_space>0x220</used_space>
         <unused_space>0xfde0</unused_space>
         <attributes>RW</attributes>
         <usage_details>
            <allocated_space>
               <start_address>0x20000000</start_address>
               <size>0x20</size>
               <logical_group_ref idref="lg-b"/>
            </allocated_space>
            <available_space>
               <start_address>0x20000020</start_address>
               <size>0xfde0</size>
            </available_space>
            <allocated_space>
               <start_address>0x2000fe00</start_address>
               <size>0x200</size>
               <logical_group_ref idref="lg-e"/>
            </allocated_space>
         </usage_details>
      </memory_area>
   </placement_map>
   <cptbl_list>
      <cptbl>
         <name>__TI_cinit_table</name>
         <cprec>
            <name>.data</name>
            <load_address>0x4e8</load_address>
            <load_size>0x15</load_size>
            <run_address>0x20000000</run_address>
            <run_size>0x20</run_size>
            <compression>lzss</compression>
         </cprec>
      </cptbl>
   </cptbl_list>
   <handler_table>
      <handler_table_name>__TI_handler_table</handler_table_name>
      <handler>
         <index>0x0</index>
         <name>__TI_decompress_lzss</name>
      </handler>
      <handler>
         <index>0x1</index>
         <name>__TI_decompress_none</name>
      </handler>
   </handler_table>
   <symbol_table>
      <symbol id="sm-1">
         <name>WDTCTL_SYM</name>
         <value>0x4000480c</value>
      </symbol>
      <symbol id="sm-2">
         <name>__TI_CINIT_Base</name>
         <value>0x508</value>
      </symbol>
      <symbol id="sm-3">
         <name>__TI_CINIT_Limit</name>
         <value>0x510</value>
      </symbol>
      <symbol id="sm-4">
         <name>__TI_Handler_Table_Base</name>
         <value>0x500</value>
      </symbol>
      <symbol id="sm-5">
         <name>__TI_Handler_Table_Limit</name>
         <value>0x508</value>
      </symbol>
      <symbol id="sm-6">
         <name>binit</name>
         <value>0xffffffff</value>
      </symbol>
      <symbol id="sm-7">
         <name>__binit__</name>
         <value>0xffffffff</value>
      </symbol>
      <symbol id="sm-8">
         <name>__STACK_SIZE</name>
         <value>0x200</value>
      </symbol>
      <symbol id="sm-9">
         <name>__STACK_END</name>
         <value>0x20010000</value>
      </symbol>
      <symbol id="sm-a">
         <name>__c_args__</name>
         <value>0xffffffff</value>
      </symbol>
      <symbol id="sm-b">
         <name>__TI_pprof_out_hndl</name>
         <value>0xffffffff</value>
      </symbol>
      <symbol id="sm-c">
         <name>__TI_prof_data_start</name>
         <value>0xffffffff</value>
      </symbol>
      <symbol id="sm-d">
         <name>__TI_prof_data_size</name>
         <value>0xffffffff</value>
      </symbol>
      <symbol id="sm-43">
         <name>TimerA1_ISR</name>
         <value>0x48f</value>
         <object_component_ref idref="oc-81"/>
      </symbol>
      <symbol id="sm-44">
         <name>asm_main</name>
         <value>0x489</value>
         <object_component_ref idref="oc-81"/>
      </symbol>
      <symbol id="sm-55">
         <name>main</name>
         <value>0x4c9</value>
         <object_component_ref idref="oc-32"/>
      </symbol>
      <symbol id="sm-56">
         <name>TA1_0_IRQHandler</name>
         <value>0x4c1</value>
         <object_component_ref idref="oc-32"/>
      </symbol>
      <symbol id="sm-d6">
         <name>T32_INT2_IRQHandler</name>
         <value>0x239</value>
         <object_component_ref idref="oc-2c"/>
      </symbol>
      <symbol id="sm-d7">
         <name>PendSV_Handler</name>
         <value>0x201</value>
         <object_component_ref idref="oc-2c"/>
      </symbol>
      <symbol id="sm-d8">
         <name>SysTick_Handler</name>
         <value>0x203</value>
         <object_component_ref idref="oc-2c"/>
      </symbol>
      <symbol id="sm-d9">
         <name>EUSCIA3_IRQHandler</name>
         <value>0x22b</value>
         <object_component_ref idref="oc-2c"/>
      </symbol>
      <symbol id="sm-da">
         <name>SVC_Handler</name>
         <value>0x1fd</value>
         <object_component_ref idref="oc-2c"/>
      </symbol>
      <symbol id="sm-db">
         <name>EUSCIB1_IRQHandler</name>
         <value>0x22f</value>
         <object_component_ref idref="oc-2c"/>
      </symbol>
      <symbol id="sm-dc">
         <name>PORT4_IRQHandler</name>
         <value>0x251</value>
         <object_component_ref idref="oc-2c"/>
      </symbol>
      <symbol id="sm-dd">
         <name>AES256_IRQHandler</name>
         <value>0x23d</value>
         <object_component_ref idref="oc-2c"/>
      </symbol>
      <symbol id="sm-de">
         <name>FPU_IRQHandler</name>
         <value>0x20d</value>
         <object_component_ref idref="oc-2c"/>
      </symbol>
      <symbol id="sm-df">
         <name>EUSCIB2_IRQHandler</name>
         <value>0x231</value>
         <object_component_ref idref="oc-2c"/>
      </symbol>
      <symbol id="sm-e0">
         <name>PORT1_IRQHandler</name>
         <value>0x24b</value>
         <object_component_ref idref="oc-2c"/>
      </symbol>
      <symbol id="sm-e1">
         <name>RTC_C_IRQHandler</name>
         <value>0x23f</value>
         <object_component_ref idref="oc-2c"/>
      </symbol>
      <symbol id="sm-e2">
         <name>TA2_0_IRQHandler</name>
         <value>0x21d</value>
         <object_component_ref idref="oc-2c"/>
      </symbol>
      <symbol id="sm-e3">
         <name>TA3_N_IRQHandler</name>
         <value>0x223</value>
         <object_component_ref idref="oc-2c"/>
      </symbol>
      <symbol id="sm-e4">
         <name>DMA_INT3_IRQHandler</name>
         <value>0x243</value>
         <object_component_ref idref="oc-2c"/>
      </symbol>
      <symbol id="sm-e5">
         <name>PORT2_IRQHandler</name>
         <value>0x24d</value>
         <object_component_ref idref="oc-2c"/>
      </symbol>
      <symbol id="sm-e6">
         <name>StartCritical</name>
         <value>0x263</value>
         <object_component_ref idref="oc-2c"/>
      </symbol>
      <symbol id="sm-e7">
         <name>TA0_0_IRQHandler</name>
         <value>0x215</value>
         <object_component_ref idref="oc-2c"/>
      </symbol>
      <symbol id="sm-e8">
         <name>PSS_IRQHandler</name>
         <value>0x205</value>
         <object_component_ref idref="oc-2c"/>
      </symbol>
      <symbol id="sm-e9">
         <name>TA1_N_IRQHandler</name>
         <value>0x21b</value>
         <object_component_ref idref="oc-2c"/>
      </symbol>
      <symbol id="sm-ea">
         <name>EUSCIA1_IRQHandler</name>
         <value>0x227</value>
         <object_component_ref idref="oc-2c"/>
      </symbol>
      <symbol id="sm-eb">
         <name>EUSCIA2_IRQHandler</name>
         <value>0x229</value>
         <object_component_ref idref="oc-2c"/>
      </symbol>
      <symbol id="sm-ec">
         <name>COMP_E0_IRQHandler</name>
         <value>0x211</value>
         <object_component_ref idref="oc-2c"/>
      </symbol>
      <symbol id="sm-ed">
         <name>WDT_A_IRQHandler</name>
         <value>0x20b</value>
         <object_component_ref idref="oc-2c"/>
      </symbol>
      <symbol id="sm-ee">
         <name>EUSCIB0_IRQHandler</name>
         <value>0x22d</value>
         <object_component_ref idref="oc-2c"/>
      </symbol>
      <symbol id="sm-ef">
         <name>FLCTL_IRQHandler</name>
         <value>0x20f</value>
         <object_component_ref idref="oc-2c"/>
      </symbol>
      <symbol id="sm-f0">
         <name>EndCritical</name>
         <value>0x26d</value>
         <object_component_ref idref="oc-2c"/>
      </symbol>
      <symbol id="sm-f1">
         <name>DMA_INT1_IRQHandler</name>
         <value>0x247</value>
         <object_component_ref idref="oc-2c"/>
      </symbol>
      <symbol id="sm-f2">
         <name>PCM_IRQHandler</name>
         <value>0x209</value>
         <object_component_ref idref="oc-2c"/>
      </symbol>
      <symbol id="sm-f3">
         <name>ADC14_IRQHandler</name>
         <value>0x235</value>
         <object_component_ref idref="oc-2c"/>
      </symbol>
      <symbol id="sm-f4">
         <name>T32_INTC_IRQHandler</name>
         <value>0x23b</value>
         <object_component_ref idref="oc-2c"/>
      </symbol>
      <symbol id="sm-f5">
         <name>DMA_INT2_IRQHandler</name>
         <value>0x245</value>
         <object_component_ref idref="oc-2c"/>
      </symbol>
      <symbol id="sm-f6">
         <name>TA3_0_IRQHandler</name>
         <value>0x221</value>
         <object_component_ref idref="oc-2c"/>
      </symbol>
      <symbol id="sm-f7">
         <name>EUSCIA0_IRQHandler</name>
         <value>0x225</value>
         <object_component_ref idref="oc-2c"/>
      </symbol>
      <symbol id="sm-f8">
         <name>DMA_ERR_IRQHandler</name>
         <value>0x241</value>
         <object_component_ref idref="oc-2c"/>
      </symbol>
      <symbol id="sm-f9">
         <name>DisableInterrupts</name>
         <value>0x257</value>
         <object_component_ref idref="oc-2c"/>
      </symbol>
      <symbol id="sm-fa">
         <name>PORT5_IRQHandler</name>
         <value>0x253</value>
         <object_component_ref idref="oc-2c"/>
      </symbol>
      <symbol id="sm-fb">
         <name>TA2_N_IRQHandler</name>
         <value>0x21f</value>
         <object_component_ref idref="oc-2c"/>
      </symbol>
      <symbol id="sm-fc">
         <name>COMP_E1_IRQHandler</name>
         <value>0x213</value>
         <object_component_ref idref="oc-2c"/>
      </symbol>
      <symbol id="sm-fd">
         <name>EUSCIB3_IRQHandler</name>
         <value>0x233</value>
         <object_component_ref idref="oc-2c"/>
      </symbol>
      <symbol id="sm-fe">
         <name>WaitForInterrupt</name>
         <value>0x275</value>
         <object_component_ref idref="oc-2c"/>
      </symbol>
      <symbol id="sm-ff">
         <name>interruptVectors</name>
         <value>0x0</value>
         <object_component_ref idref="oc-10"/>
      </symbol>
      <symbol id="sm-100">
         <name>EnableInterrupts</name>
         <value>0x25d</value>
         <object_component_ref idref="oc-2c"/>
      </symbol>
      <symbol id="sm-101">
         <name>PORT6_IRQHandler</name>
         <value>0x255</value>
         <object_component_ref idref="oc-2c"/>
      </symbol>
      <symbol id="sm-102">
         <name>TA0_N_IRQHandler</name>
         <value>0x217</value>
         <object_component_ref idref="oc-2c"/>
      </symbol>
      <symbol id="sm-103">
         <name>T32_INT1_IRQHandler</name>
         <value>0x237</value>
         <object_component_ref idref="oc-2c"/>
      </symbol>
      <symbol id="sm-104">
         <name>DebugMon_Handler</name>
         <value>0x1ff</value>
         <object_component_ref idref="oc-2c"/>
      </symbol>
      <symbol id="sm-105">
         <name>DMA_INT0_IRQHandler</name>
         <value>0x249</value>
         <object_component_ref idref="oc-2c"/>
      </symbol>
      <symbol id="sm-106">
         <name>PORT3_IRQHandler</name>
         <value>0x24f</value>
         <object_component_ref idref="oc-2c"/>
      </symbol>
      <symbol id="sm-107">
         <name>CS_IRQHandler</name>
         <value>0x207</value>
         <object_component_ref idref="oc-2c"/>
      </symbol>
      <symbol id="sm-118">
         <name>_c_int00</name>
         <value>0x355</value>
         <object_component_ref idref="oc-25"/>
      </symbol>
      <symbol id="sm-119">
         <name>__stack</name>
         <value>0x2000fe00</value>
         <object_component_ref idref="oc-2b"/>
      </symbol>
      <symbol id="sm-137">
         <name>__TI_decompress_lzss</name>
         <value>0x2ed</value>
         <object_component_ref idref="oc-13"/>
      </symbol>
      <symbol id="sm-14e">
         <name>__TI_decompress_none</name>
         <value>0x4d1</value>
         <object_component_ref idref="oc-19"/>
      </symbol>
      <symbol id="sm-175">
         <name>C$$EXIT</name>
         <value>0x3a9</value>
         <object_component_ref idref="oc-76"/>
      </symbol>
      <symbol id="sm-176">
         <name>abort</name>
         <value>0x3ad</value>
         <object_component_ref idref="oc-76"/>
      </symbol>
      <symbol id="sm-177">
         <name>exit</name>
         <value>0x3b5</value>
         <object_component_ref idref="oc-76"/>
      </symbol>
      <symbol id="sm-178">
         <name>__TI_dtors_ptr</name>
         <value>0x20000004</value>
         <object_component_ref idref="oc-b1"/>
      </symbol>
      <symbol id="sm-179">
         <name>__TI_cleanup_ptr</name>
         <value>0x20000000</value>
         <object_component_ref idref="oc-b1"/>
      </symbol>
      <symbol id="sm-17a">
         <name>__TI_enable_exit_profile_output</name>
         <value>0x20000008</value>
         <object_component_ref idref="oc-b1"/>
      </symbol>
      <symbol id="sm-195">
         <name>memcpy</name>
         <value>0x145</value>
         <object_component_ref idref="oc-46"/>
      </symbol>
      <symbol id="sm-196">
         <name>__aeabi_memcpy</name>
         <value>0x145</value>
         <object_component_ref idref="oc-46"/>
      </symbol>
      <symbol id="sm-197">
         <name>__aeabi_memcpy8</name>
         <value>0x145</value>
         <object_component_ref idref="oc-46"/>
      </symbol>
      <symbol id="sm-198">
         <name>__aeabi_memcpy4</name>
         <value>0x145</value>
         <object_component_ref idref="oc-46"/>
      </symbol>
      <symbol id="sm-1a3">
         <name>__mpu_init</name>
         <value>0x27b</value>
         <object_component_ref idref="oc-5e"/>
      </symbol>
      <symbol id="sm-1ad">
         <name>_system_pre_init</name>
         <value>0x4df</value>
         <object_component_ref idref="oc-64"/>
      </symbol>
      <symbol id="sm-1b5">
         <name>main_func_sp</name>
         <value>0x2000001c</value>
         <object_component_ref idref="oc-7c"/>
      </symbol>
      <symbol id="sm-1ce">
         <name>_nop</name>
         <value>0x4bb</value>
         <object_component_ref idref="oc-d8"/>
      </symbol>
      <symbol id="sm-1cf">
         <name>_lock</name>
         <value>0x2000000c</value>
         <object_component_ref idref="oc-b4"/>
      </symbol>
      <symbol id="sm-1d0">
         <name>_unlock</name>
         <value>0x20000010</value>
         <object_component_ref idref="oc-b4"/>
      </symbol>
      <symbol id="sm-1d1">
         <name>_register_lock</name>
         <value>0x4b3</value>
         <object_component_ref idref="oc-d8"/>
      </symbol>
      <symbol id="sm-1d2">
         <name>_register_unlock</name>
         <value>0x4ad</value>
         <object_component_ref idref="oc-d8"/>
      </symbol>
      <symbol id="sm-1e6">
         <name>_args_main</name>
         <value>0x495</value>
         <object_component_ref idref="oc-70"/>
      </symbol>
      <symbol id="sm-210">
         <name>__TI_auto_init</name>
         <value>0x27d</value>
         <object_component_ref idref="oc-6a"/>
      </symbol>
      <symbol id="sm-22a">
         <name>copy_in</name>
         <value>0x3fd</value>
         <object_component_ref idref="oc-a1"/>
      </symbol>
      <symbol id="sm-234">
         <name>_system_post_cinit</name>
         <value>0x493</value>
         <object_component_ref idref="oc-a7"/>
      </symbol>
      <symbol id="sm-235">
         <name>__TI_static_base__</name>
         <value>0x0</value>
      </symbol>
      <symbol id="sm-238">
         <name>SHT$$INIT_ARRAY$$Limit</name>
         <value>0x0</value>
      </symbol>
      <symbol id="sm-239">
         <name>SHT$$INIT_ARRAY$$Base</name>
         <value>0x0</value>
      </symbol>
   </symbol_table>
   <title>Link successful</title>
</link_info>
