<?xml version="1.0"?>
<link_info>
   <banner>TI ARM Linker PC v16.9.6.LTS</banner>
   <copyright>Copyright (c) 1996-2017 Texas Instruments Incorporated</copyright>
   <link_time>0x5a6a4c1c</link_time>
   <link_errors>0x0</link_errors>
   <output_file>EGCP_450_Template.out</output_file>
   <entry_point>
      <name>_c_int00</name>
      <address>0x355</address>
   </entry_point>
   <input_file_list>
      <input_file id="fl-2">
         <path>.\</path>
         <kind>object</kind>
         <file>asm_main.obj</file>
         <name>asm_main.obj</name>
      </input_file>
      <input_file id="fl-3">
         <path>.\</path>
         <kind>object</kind>
         <file>main.obj</file>
         <name>main.obj</name>
      </input_file>
      <input_file id="fl-4">
         <path>.\</path>
         <kind>object</kind>
         <file>msp432_startup_ccs.obj</file>
         <name>msp432_startup_ccs.obj</name>
      </input_file>
      <input_file id="fl-8">
         <kind>object</kind>
         <file>&lt;internal&gt;</file>
         <name>&lt;internal&gt;</name>
      </input_file>
      <input_file id="fl-be">
         <path>C:\ti\ccsv7\tools\compiler\ti-cgt-arm_16.9.6.LTS\lib\</path>
         <kind>archive</kind>
         <file>rtsv7M4_T_le_v4SPD16_eabi.lib</file>
         <name>boot.obj</name>
      </input_file>
      <input_file id="fl-bf">
         <path>C:\ti\ccsv7\tools\compiler\ti-cgt-arm_16.9.6.LTS\lib\</path>
         <kind>archive</kind>
         <file>rtsv7M4_T_le_v4SPD16_eabi.lib</file>
         <name>copy_decompress_lzss.obj</name>
      </input_file>
      <input_file id="fl-c0">
         <path>C:\ti\ccsv7\tools\compiler\ti-cgt-arm_16.9.6.LTS\lib\</path>
         <kind>archive</kind>
         <file>rtsv7M4_T_le_v4SPD16_eabi.lib</file>
         <name>copy_decompress_none.obj</name>
      </input_file>
      <input_file id="fl-c1">
         <path>C:\ti\ccsv7\tools\compiler\ti-cgt-arm_16.9.6.LTS\lib\</path>
         <kind>archive</kind>
         <file>rtsv7M4_T_le_v4SPD16_eabi.lib</file>
         <name>copy_zero_init.obj</name>
      </input_file>
      <input_file id="fl-c2">
         <path>C:\ti\ccsv7\tools\compiler\ti-cgt-arm_16.9.6.LTS\lib\</path>
         <kind>archive</kind>
         <file>rtsv7M4_T_le_v4SPD16_eabi.lib</file>
         <name>exit.obj</name>
      </input_file>
      <input_file id="fl-c3">
         <path>C:\ti\ccsv7\tools\compiler\ti-cgt-arm_16.9.6.LTS\lib\</path>
         <kind>archive</kind>
         <file>rtsv7M4_T_le_v4SPD16_eabi.lib</file>
         <name>memcpy_t2.obj</name>
      </input_file>
      <input_file id="fl-c4">
         <path>C:\ti\ccsv7\tools\compiler\ti-cgt-arm_16.9.6.LTS\lib\</path>
         <kind>archive</kind>
         <file>rtsv7M4_T_le_v4SPD16_eabi.lib</file>
         <name>memset_t2.obj</name>
      </input_file>
      <input_file id="fl-c5">
         <path>C:\ti\ccsv7\tools\compiler\ti-cgt-arm_16.9.6.LTS\lib\</path>
         <kind>archive</kind>
         <file>rtsv7M4_T_le_v4SPD16_eabi.lib</file>
         <name>mpu_init.obj</name>
      </input_file>
      <input_file id="fl-c6">
         <path>C:\ti\ccsv7\tools\compiler\ti-cgt-arm_16.9.6.LTS\lib\</path>
         <kind>archive</kind>
         <file>rtsv7M4_T_le_v4SPD16_eabi.lib</file>
         <name>pre_init.obj</name>
      </input_file>
      <input_file id="fl-c7">
         <path>C:\ti\ccsv7\tools\compiler\ti-cgt-arm_16.9.6.LTS\lib\</path>
         <kind>archive</kind>
         <file>rtsv7M4_T_le_v4SPD16_eabi.lib</file>
         <name>stkdepth_vars.obj</name>
      </input_file>
      <input_file id="fl-c8">
         <path>C:\ti\ccsv7\tools\compiler\ti-cgt-arm_16.9.6.LTS\lib\</path>
         <kind>archive</kind>
         <file>rtsv7M4_T_le_v4SPD16_eabi.lib</file>
         <name>_lock.obj</name>
      </input_file>
      <input_file id="fl-c9">
         <path>C:\ti\ccsv7\tools\compiler\ti-cgt-arm_16.9.6.LTS\lib\</path>
         <kind>archive</kind>
         <file>rtsv7M4_T_le_v4SPD16_eabi.lib</file>
         <name>args_main.obj</name>
      </input_file>
      <input_file id="fl-ca">
         <path>C:\ti\ccsv7\tools\compiler\ti-cgt-arm_16.9.6.LTS\lib\</path>
         <kind>archive</kind>
         <file>rtsv7M4_T_le_v4SPD16_eabi.lib</file>
         <name>autoinit.obj</name>
      </input_file>
      <input_file id="fl-cb">
         <path>C:\ti\ccsv7\tools\compiler\ti-cgt-arm_16.9.6.LTS\lib\</path>
         <kind>archive</kind>
         <file>rtsv7M4_T_le_v4SPD16_eabi.lib</file>
         <name>cpy_tbl.obj</name>
      </input_file>
      <input_file id="fl-cc">
         <path>C:\ti\ccsv7\tools\compiler\ti-cgt-arm_16.9.6.LTS\lib\</path>
         <kind>archive</kind>
         <file>rtsv7M4_T_le_v4SPD16_eabi.lib</file>
         <name>startup.obj</name>
      </input_file>
   </input_file_list>
   <object_component_list>
      <object_component id="oc-10">
         <name>.intvecs</name>
         <load_address>0x0</load_address>
         <run_address>0x0</run_address>
         <size>0x144</size>
         <input_file_ref idref="fl-4"/>
      </object_component>
      <object_component id="oc-40">
         <name>.text</name>
         <load_address>0x144</load_address>
         <run_address>0x144</run_address>
         <size>0x9c</size>
         <input_file_ref idref="fl-c3"/>
      </object_component>
      <object_component id="oc-2c">
         <name>.text</name>
         <load_address>0x1e0</load_address>
         <run_address>0x1e0</run_address>
         <size>0x9a</size>
         <input_file_ref idref="fl-4"/>
      </object_component>
      <object_component id="oc-c7">
         <name>.text</name>
         <load_address>0x27a</load_address>
         <run_address>0x27a</run_address>
         <size>0x2</size>
         <input_file_ref idref="fl-2"/>
      </object_component>
      <object_component id="oc-64">
         <name>.text</name>
         <load_address>0x27c</load_address>
         <run_address>0x27c</run_address>
         <size>0x70</size>
         <input_file_ref idref="fl-ca"/>
      </object_component>
      <object_component id="oc-13">
         <name>.text:decompress:lzss</name>
         <load_address>0x2ec</load_address>
         <run_address>0x2ec</run_address>
         <size>0x68</size>
         <input_file_ref idref="fl-bf"/>
      </object_component>
      <object_component id="oc-25">
         <name>.text</name>
         <load_address>0x354</load_address>
         <run_address>0x354</run_address>
         <size>0x54</size>
         <input_file_ref idref="fl-be"/>
      </object_component>
      <object_component id="oc-70">
         <name>.text</name>
         <load_address>0x3a8</load_address>
         <run_address>0x3a8</run_address>
         <size>0x54</size>
         <input_file_ref idref="fl-c2"/>
      </object_component>
      <object_component id="oc-95">
         <name>.text</name>
         <load_address>0x3fc</load_address>
         <run_address>0x3fc</run_address>
         <size>0x4c</size>
         <input_file_ref idref="fl-cb"/>
      </object_component>
      <object_component id="oc-6a">
         <name>.text</name>
         <load_address>0x448</load_address>
         <run_address>0x448</run_address>
         <size>0x18</size>
         <input_file_ref idref="fl-c9"/>
      </object_component>
      <object_component id="oc-d6">
         <name>.text</name>
         <load_address>0x460</load_address>
         <run_address>0x460</run_address>
         <size>0x14</size>
         <input_file_ref idref="fl-c8"/>
      </object_component>
      <object_component id="oc-19">
         <name>.text:decompress:none</name>
         <load_address>0x474</load_address>
         <run_address>0x474</run_address>
         <size>0xe</size>
         <input_file_ref idref="fl-c0"/>
      </object_component>
      <object_component id="oc-a3">
         <name>.text</name>
         <load_address>0x482</load_address>
         <run_address>0x482</run_address>
         <size>0x8</size>
         <input_file_ref idref="fl-3"/>
      </object_component>
      <object_component id="oc-5e">
         <name>.text</name>
         <load_address>0x48a</load_address>
         <run_address>0x48a</run_address>
         <size>0x4</size>
         <input_file_ref idref="fl-c6"/>
      </object_component>
      <object_component id="oc-58">
         <name>.text</name>
         <load_address>0x48e</load_address>
         <run_address>0x48e</run_address>
         <size>0x2</size>
         <input_file_ref idref="fl-c5"/>
      </object_component>
      <object_component id="oc-9b">
         <name>.text</name>
         <load_address>0x490</load_address>
         <run_address>0x490</run_address>
         <size>0x2</size>
         <input_file_ref idref="fl-cc"/>
      </object_component>
      <object_component id="oc-113">
         <name>.cinit..data.load</name>
         <load_address>0x498</load_address>
         <run_address>0x498</run_address>
         <size>0x11</size>
      </object_component>
      <object_component id="oc-111">
         <name>__TI_handler_table</name>
         <load_address>0x4ac</load_address>
         <run_address>0x4ac</run_address>
         <size>0x8</size>
      </object_component>
      <object_component id="oc-112">
         <name>__TI_cinit_table</name>
         <load_address>0x4b4</load_address>
         <run_address>0x4b4</run_address>
         <size>0x8</size>
      </object_component>
      <object_component id="oc-ab">
         <name>.data:$O1$$</name>
         <load_address>0x20000000</load_address>
         <run_address>0x20000000</run_address>
         <size>0xc</size>
         <input_file_ref idref="fl-c2"/>
      </object_component>
      <object_component id="oc-76">
         <name>.data</name>
         <load_address>0x20000014</load_address>
         <run_address>0x20000014</run_address>
         <size>0x4</size>
         <input_file_ref idref="fl-c7"/>
      </object_component>
      <object_component id="oc-ae">
         <name>.data:$O1$$</name>
         <load_address>0x2000000c</load_address>
         <run_address>0x2000000c</run_address>
         <size>0x8</size>
         <input_file_ref idref="fl-c8"/>
      </object_component>
      <object_component id="oc-2b">
         <name>.stack</name>
         <uninitialized>true</uninitialized>
         <run_address>0x2000fe00</run_address>
         <size>0x0</size>
         <input_file_ref idref="fl-be"/>
      </object_component>
      <object_component id="oc-114">
         <name>.stack</name>
         <uninitialized>true</uninitialized>
         <run_address>0x2000fe00</run_address>
         <size>0x0</size>
      </object_component>
      <object_component id="oc-c8">
         <name>.debug_info</name>
         <load_address>0x0</load_address>
         <run_address>0x0</run_address>
         <size>0xd4</size>
         <input_file_ref idref="fl-2"/>
      </object_component>
      <object_component id="oc-a5">
         <name>.debug_info</name>
         <load_address>0xd4</load_address>
         <run_address>0xd4</run_address>
         <size>0x103</size>
         <input_file_ref idref="fl-3"/>
      </object_component>
      <object_component id="oc-3b">
         <name>.debug_info</name>
         <load_address>0x1d7</load_address>
         <run_address>0x1d7</run_address>
         <size>0x84</size>
         <input_file_ref idref="fl-3"/>
      </object_component>
      <object_component id="oc-34">
         <name>.debug_info</name>
         <load_address>0x25b</load_address>
         <run_address>0x25b</run_address>
         <size>0x297</size>
         <input_file_ref idref="fl-4"/>
      </object_component>
      <object_component id="oc-11">
         <name>.debug_info</name>
         <load_address>0x4f2</load_address>
         <run_address>0x4f2</run_address>
         <size>0xf0</size>
         <input_file_ref idref="fl-4"/>
      </object_component>
      <object_component id="oc-2e">
         <name>.debug_info</name>
         <load_address>0x5e2</load_address>
         <run_address>0x5e2</run_address>
         <size>0x169c</size>
         <input_file_ref idref="fl-4"/>
      </object_component>
      <object_component id="oc-26">
         <name>.debug_info</name>
         <load_address>0x1c7e</load_address>
         <run_address>0x1c7e</run_address>
         <size>0x160</size>
         <input_file_ref idref="fl-be"/>
      </object_component>
      <object_component id="oc-82">
         <name>.debug_info</name>
         <load_address>0x1dde</load_address>
         <run_address>0x1dde</run_address>
         <size>0x293</size>
         <input_file_ref idref="fl-bf"/>
      </object_component>
      <object_component id="oc-14">
         <name>.debug_info</name>
         <load_address>0x2071</load_address>
         <run_address>0x2071</run_address>
         <size>0x245</size>
         <input_file_ref idref="fl-bf"/>
      </object_component>
      <object_component id="oc-36">
         <name>.debug_info</name>
         <load_address>0x22b6</load_address>
         <run_address>0x22b6</run_address>
         <size>0x60</size>
         <input_file_ref idref="fl-bf"/>
      </object_component>
      <object_component id="oc-7d">
         <name>.debug_info</name>
         <load_address>0x2316</load_address>
         <run_address>0x2316</run_address>
         <size>0x46</size>
         <input_file_ref idref="fl-bf"/>
      </object_component>
      <object_component id="oc-4b">
         <name>.debug_info</name>
         <load_address>0x235c</load_address>
         <run_address>0x235c</run_address>
         <size>0x2da</size>
         <input_file_ref idref="fl-c0"/>
      </object_component>
      <object_component id="oc-1c">
         <name>.debug_info</name>
         <load_address>0x2636</load_address>
         <run_address>0x2636</run_address>
         <size>0x1df</size>
         <input_file_ref idref="fl-c0"/>
      </object_component>
      <object_component id="oc-46">
         <name>.debug_info</name>
         <load_address>0x2815</load_address>
         <run_address>0x2815</run_address>
         <size>0x46</size>
         <input_file_ref idref="fl-c0"/>
      </object_component>
      <object_component id="oc-84">
         <name>.debug_info</name>
         <load_address>0x285b</load_address>
         <run_address>0x285b</run_address>
         <size>0x2c</size>
         <input_file_ref idref="fl-c0"/>
      </object_component>
      <object_component id="oc-8c">
         <name>.debug_info</name>
         <load_address>0x2887</load_address>
         <run_address>0x2887</run_address>
         <size>0x2c</size>
         <input_file_ref idref="fl-c1"/>
      </object_component>
      <object_component id="oc-b2">
         <name>.debug_info</name>
         <load_address>0x28b3</load_address>
         <run_address>0x28b3</run_address>
         <size>0x3ce</size>
         <input_file_ref idref="fl-c2"/>
      </object_component>
      <object_component id="oc-ac">
         <name>.debug_info</name>
         <load_address>0x2c81</load_address>
         <run_address>0x2c81</run_address>
         <size>0x185</size>
         <input_file_ref idref="fl-c2"/>
      </object_component>
      <object_component id="oc-72">
         <name>.debug_info</name>
         <load_address>0x2e06</load_address>
         <run_address>0x2e06</run_address>
         <size>0x214</size>
         <input_file_ref idref="fl-c2"/>
      </object_component>
      <object_component id="oc-41">
         <name>.debug_info</name>
         <load_address>0x301a</load_address>
         <run_address>0x301a</run_address>
         <size>0x111</size>
         <input_file_ref idref="fl-c3"/>
      </object_component>
      <object_component id="oc-5c">
         <name>.debug_info</name>
         <load_address>0x312b</load_address>
         <run_address>0x312b</run_address>
         <size>0x138</size>
         <input_file_ref idref="fl-c5"/>
      </object_component>
      <object_component id="oc-5f">
         <name>.debug_info</name>
         <load_address>0x3263</load_address>
         <run_address>0x3263</run_address>
         <size>0x148</size>
         <input_file_ref idref="fl-c6"/>
      </object_component>
      <object_component id="oc-77">
         <name>.debug_info</name>
         <load_address>0x33ab</load_address>
         <run_address>0x33ab</run_address>
         <size>0x109</size>
         <input_file_ref idref="fl-c7"/>
      </object_component>
      <object_component id="oc-de">
         <name>.debug_info</name>
         <load_address>0x34b4</load_address>
         <run_address>0x34b4</run_address>
         <size>0x2be</size>
         <input_file_ref idref="fl-c8"/>
      </object_component>
      <object_component id="oc-af">
         <name>.debug_info</name>
         <load_address>0x3772</load_address>
         <run_address>0x3772</run_address>
         <size>0x113</size>
         <input_file_ref idref="fl-c8"/>
      </object_component>
      <object_component id="oc-d8">
         <name>.debug_info</name>
         <load_address>0x3885</load_address>
         <run_address>0x3885</run_address>
         <size>0x21f</size>
         <input_file_ref idref="fl-c8"/>
      </object_component>
      <object_component id="oc-aa">
         <name>.debug_info</name>
         <load_address>0x3aa4</load_address>
         <run_address>0x3aa4</run_address>
         <size>0x300</size>
         <input_file_ref idref="fl-c9"/>
      </object_component>
      <object_component id="oc-6b">
         <name>.debug_info</name>
         <load_address>0x3da4</load_address>
         <run_address>0x3da4</run_address>
         <size>0x167</size>
         <input_file_ref idref="fl-c9"/>
      </object_component>
      <object_component id="oc-cf">
         <name>.debug_info</name>
         <load_address>0x3f0b</load_address>
         <run_address>0x3f0b</run_address>
         <size>0x5e</size>
         <input_file_ref idref="fl-c9"/>
      </object_component>
      <object_component id="oc-a2">
         <name>.debug_info</name>
         <load_address>0x3f69</load_address>
         <run_address>0x3f69</run_address>
         <size>0x483</size>
         <input_file_ref idref="fl-ca"/>
      </object_component>
      <object_component id="oc-66">
         <name>.debug_info</name>
         <load_address>0x43ec</load_address>
         <run_address>0x43ec</run_address>
         <size>0x190</size>
         <input_file_ref idref="fl-ca"/>
      </object_component>
      <object_component id="oc-bd">
         <name>.debug_info</name>
         <load_address>0x457c</load_address>
         <run_address>0x457c</run_address>
         <size>0x39</size>
         <input_file_ref idref="fl-ca"/>
      </object_component>
      <object_component id="oc-e9">
         <name>.debug_info</name>
         <load_address>0x45b5</load_address>
         <run_address>0x45b5</run_address>
         <size>0x39</size>
         <input_file_ref idref="fl-ca"/>
      </object_component>
      <object_component id="oc-c2">
         <name>.debug_info</name>
         <load_address>0x45ee</load_address>
         <run_address>0x45ee</run_address>
         <size>0xcd</size>
         <input_file_ref idref="fl-ca"/>
      </object_component>
      <object_component id="oc-b9">
         <name>.debug_info</name>
         <load_address>0x46bb</load_address>
         <run_address>0x46bb</run_address>
         <size>0x37a</size>
         <input_file_ref idref="fl-cb"/>
      </object_component>
      <object_component id="oc-97">
         <name>.debug_info</name>
         <load_address>0x4a35</load_address>
         <run_address>0x4a35</run_address>
         <size>0x183</size>
         <input_file_ref idref="fl-cb"/>
      </object_component>
      <object_component id="oc-e4">
         <name>.debug_info</name>
         <load_address>0x4bb8</load_address>
         <run_address>0x4bb8</run_address>
         <size>0x2c</size>
         <input_file_ref idref="fl-cb"/>
      </object_component>
      <object_component id="oc-9c">
         <name>.debug_info</name>
         <load_address>0x4be4</load_address>
         <run_address>0x4be4</run_address>
         <size>0x145</size>
         <input_file_ref idref="fl-cc"/>
      </object_component>
      <object_component id="oc-115">
         <name>.debug_info</name>
         <load_address>0x4d29</load_address>
         <run_address>0x4d29</run_address>
         <size>0xa4</size>
      </object_component>
      <object_component id="oc-cb">
         <name>.debug_line</name>
         <load_address>0x0</load_address>
         <run_address>0x0</run_address>
         <size>0x3e</size>
         <input_file_ref idref="fl-2"/>
      </object_component>
      <object_component id="oc-a4">
         <name>.debug_line</name>
         <load_address>0x3e</load_address>
         <run_address>0x3e</run_address>
         <size>0x42</size>
         <input_file_ref idref="fl-3"/>
      </object_component>
      <object_component id="oc-3e">
         <name>.debug_line</name>
         <load_address>0x80</load_address>
         <run_address>0x80</run_address>
         <size>0x20</size>
         <input_file_ref idref="fl-3"/>
      </object_component>
      <object_component id="oc-7c">
         <name>.debug_line</name>
         <load_address>0xa0</load_address>
         <run_address>0xa0</run_address>
         <size>0x3b</size>
         <input_file_ref idref="fl-4"/>
      </object_component>
      <object_component id="oc-33">
         <name>.debug_line</name>
         <load_address>0xdb</load_address>
         <run_address>0xdb</run_address>
         <size>0x3b</size>
         <input_file_ref idref="fl-4"/>
      </object_component>
      <object_component id="oc-31">
         <name>.debug_line</name>
         <load_address>0x116</load_address>
         <run_address>0x116</run_address>
         <size>0x55a</size>
         <input_file_ref idref="fl-4"/>
      </object_component>
      <object_component id="oc-29">
         <name>.debug_line</name>
         <load_address>0x670</load_address>
         <run_address>0x670</run_address>
         <size>0x53</size>
         <input_file_ref idref="fl-be"/>
      </object_component>
      <object_component id="oc-b7">
         <name>.debug_line</name>
         <load_address>0x6c3</load_address>
         <run_address>0x6c3</run_address>
         <size>0x20</size>
         <input_file_ref idref="fl-bf"/>
      </object_component>
      <object_component id="oc-18">
         <name>.debug_line</name>
         <load_address>0x6e3</load_address>
         <run_address>0x6e3</run_address>
         <size>0xa9</size>
         <input_file_ref idref="fl-bf"/>
      </object_component>
      <object_component id="oc-39">
         <name>.debug_line</name>
         <load_address>0x78c</load_address>
         <run_address>0x78c</run_address>
         <size>0x3a</size>
         <input_file_ref idref="fl-bf"/>
      </object_component>
      <object_component id="oc-80">
         <name>.debug_line</name>
         <load_address>0x7c6</load_address>
         <run_address>0x7c6</run_address>
         <size>0x8a</size>
         <input_file_ref idref="fl-bf"/>
      </object_component>
      <object_component id="oc-8a">
         <name>.debug_line</name>
         <load_address>0x850</load_address>
         <run_address>0x850</run_address>
         <size>0x8a</size>
         <input_file_ref idref="fl-c0"/>
      </object_component>
      <object_component id="oc-1b">
         <name>.debug_line</name>
         <load_address>0x8da</load_address>
         <run_address>0x8da</run_address>
         <size>0x55</size>
         <input_file_ref idref="fl-c0"/>
      </object_component>
      <object_component id="oc-49">
         <name>.debug_line</name>
         <load_address>0x92f</load_address>
         <run_address>0x92f</run_address>
         <size>0x3a</size>
         <input_file_ref idref="fl-c0"/>
      </object_component>
      <object_component id="oc-87">
         <name>.debug_line</name>
         <load_address>0x969</load_address>
         <run_address>0x969</run_address>
         <size>0x8a</size>
         <input_file_ref idref="fl-c0"/>
      </object_component>
      <object_component id="oc-8f">
         <name>.debug_line</name>
         <load_address>0x9f3</load_address>
         <run_address>0x9f3</run_address>
         <size>0x8a</size>
         <input_file_ref idref="fl-c1"/>
      </object_component>
      <object_component id="oc-e1">
         <name>.debug_line</name>
         <load_address>0xa7d</load_address>
         <run_address>0xa7d</run_address>
         <size>0xf2</size>
         <input_file_ref idref="fl-c2"/>
      </object_component>
      <object_component id="oc-d5">
         <name>.debug_line</name>
         <load_address>0xb6f</load_address>
         <run_address>0xb6f</run_address>
         <size>0x2a</size>
         <input_file_ref idref="fl-c2"/>
      </object_component>
      <object_component id="oc-74">
         <name>.debug_line</name>
         <load_address>0xb99</load_address>
         <run_address>0xb99</run_address>
         <size>0x86</size>
         <input_file_ref idref="fl-c2"/>
      </object_component>
      <object_component id="oc-44">
         <name>.debug_line</name>
         <load_address>0xc1f</load_address>
         <run_address>0xc1f</run_address>
         <size>0x88</size>
         <input_file_ref idref="fl-c3"/>
      </object_component>
      <object_component id="oc-59">
         <name>.debug_line</name>
         <load_address>0xca7</load_address>
         <run_address>0xca7</run_address>
         <size>0x3d</size>
         <input_file_ref idref="fl-c5"/>
      </object_component>
      <object_component id="oc-62">
         <name>.debug_line</name>
         <load_address>0xce4</load_address>
         <run_address>0xce4</run_address>
         <size>0x40</size>
         <input_file_ref idref="fl-c6"/>
      </object_component>
      <object_component id="oc-b5">
         <name>.debug_line</name>
         <load_address>0xd24</load_address>
         <run_address>0xd24</run_address>
         <size>0x33</size>
         <input_file_ref idref="fl-c7"/>
      </object_component>
      <object_component id="oc-f1">
         <name>.debug_line</name>
         <load_address>0xd57</load_address>
         <run_address>0xd57</run_address>
         <size>0x20</size>
         <input_file_ref idref="fl-c8"/>
      </object_component>
      <object_component id="oc-dd">
         <name>.debug_line</name>
         <load_address>0xd77</load_address>
         <run_address>0xd77</run_address>
         <size>0x2b</size>
         <input_file_ref idref="fl-c8"/>
      </object_component>
      <object_component id="oc-db">
         <name>.debug_line</name>
         <load_address>0xda2</load_address>
         <run_address>0xda2</run_address>
         <size>0x68</size>
         <input_file_ref idref="fl-c8"/>
      </object_component>
      <object_component id="oc-ce">
         <name>.debug_line</name>
         <load_address>0xe0a</load_address>
         <run_address>0xe0a</run_address>
         <size>0x2b</size>
         <input_file_ref idref="fl-c9"/>
      </object_component>
      <object_component id="oc-6f">
         <name>.debug_line</name>
         <load_address>0xe35</load_address>
         <run_address>0xe35</run_address>
         <size>0x4a</size>
         <input_file_ref idref="fl-c9"/>
      </object_component>
      <object_component id="oc-d2">
         <name>.debug_line</name>
         <load_address>0xe7f</load_address>
         <run_address>0xe7f</run_address>
         <size>0x2b</size>
         <input_file_ref idref="fl-c9"/>
      </object_component>
      <object_component id="oc-bc">
         <name>.debug_line</name>
         <load_address>0xeaa</load_address>
         <run_address>0xeaa</run_address>
         <size>0xa9</size>
         <input_file_ref idref="fl-ca"/>
      </object_component>
      <object_component id="oc-65">
         <name>.debug_line</name>
         <load_address>0xf53</load_address>
         <run_address>0xf53</run_address>
         <size>0x8b</size>
         <input_file_ref idref="fl-ca"/>
      </object_component>
      <object_component id="oc-c0">
         <name>.debug_line</name>
         <load_address>0xfde</load_address>
         <run_address>0xfde</run_address>
         <size>0x2e</size>
         <input_file_ref idref="fl-ca"/>
      </object_component>
      <object_component id="oc-ec">
         <name>.debug_line</name>
         <load_address>0x100c</load_address>
         <run_address>0x100c</run_address>
         <size>0x8a</size>
         <input_file_ref idref="fl-ca"/>
      </object_component>
      <object_component id="oc-c5">
         <name>.debug_line</name>
         <load_address>0x1096</load_address>
         <run_address>0x1096</run_address>
         <size>0x8b</size>
         <input_file_ref idref="fl-ca"/>
      </object_component>
      <object_component id="oc-e3">
         <name>.debug_line</name>
         <load_address>0x1121</load_address>
         <run_address>0x1121</run_address>
         <size>0x98</size>
         <input_file_ref idref="fl-cb"/>
      </object_component>
      <object_component id="oc-96">
         <name>.debug_line</name>
         <load_address>0x11b9</load_address>
         <run_address>0x11b9</run_address>
         <size>0x68</size>
         <input_file_ref idref="fl-cb"/>
      </object_component>
      <object_component id="oc-e7">
         <name>.debug_line</name>
         <load_address>0x1221</load_address>
         <run_address>0x1221</run_address>
         <size>0x2e</size>
         <input_file_ref idref="fl-cb"/>
      </object_component>
      <object_component id="oc-9f">
         <name>.debug_line</name>
         <load_address>0x124f</load_address>
         <run_address>0x124f</run_address>
         <size>0x3c</size>
         <input_file_ref idref="fl-cc"/>
      </object_component>
      <object_component id="oc-ee">
         <name>.debug_abbrev</name>
         <load_address>0x0</load_address>
         <run_address>0x0</run_address>
         <size>0x2b</size>
         <input_file_ref idref="fl-2"/>
      </object_component>
      <object_component id="oc-cc">
         <name>.debug_abbrev</name>
         <load_address>0x2b</load_address>
         <run_address>0x2b</run_address>
         <size>0x5e</size>
         <input_file_ref idref="fl-3"/>
      </object_component>
      <object_component id="oc-3d">
         <name>.debug_abbrev</name>
         <load_address>0x89</load_address>
         <run_address>0x89</run_address>
         <size>0x1f</size>
         <input_file_ref idref="fl-3"/>
      </object_component>
      <object_component id="oc-7b">
         <name>.debug_abbrev</name>
         <load_address>0xa8</load_address>
         <run_address>0xa8</run_address>
         <size>0x5f</size>
         <input_file_ref idref="fl-4"/>
      </object_component>
      <object_component id="oc-32">
         <name>.debug_abbrev</name>
         <load_address>0x107</load_address>
         <run_address>0x107</run_address>
         <size>0x29</size>
         <input_file_ref idref="fl-4"/>
      </object_component>
      <object_component id="oc-7a">
         <name>.debug_abbrev</name>
         <load_address>0x130</load_address>
         <run_address>0x130</run_address>
         <size>0xf8</size>
         <input_file_ref idref="fl-4"/>
      </object_component>
      <object_component id="oc-79">
         <name>.debug_abbrev</name>
         <load_address>0x228</load_address>
         <run_address>0x228</run_address>
         <size>0x3e</size>
         <input_file_ref idref="fl-be"/>
      </object_component>
      <object_component id="oc-b6">
         <name>.debug_abbrev</name>
         <load_address>0x266</load_address>
         <run_address>0x266</run_address>
         <size>0x37</size>
         <input_file_ref idref="fl-bf"/>
      </object_component>
      <object_component id="oc-35">
         <name>.debug_abbrev</name>
         <load_address>0x29d</load_address>
         <run_address>0x29d</run_address>
         <size>0x6f</size>
         <input_file_ref idref="fl-bf"/>
      </object_component>
      <object_component id="oc-38">
         <name>.debug_abbrev</name>
         <load_address>0x30c</load_address>
         <run_address>0x30c</run_address>
         <size>0x24</size>
         <input_file_ref idref="fl-bf"/>
      </object_component>
      <object_component id="oc-7f">
         <name>.debug_abbrev</name>
         <load_address>0x330</load_address>
         <run_address>0x330</run_address>
         <size>0x35</size>
         <input_file_ref idref="fl-bf"/>
      </object_component>
      <object_component id="oc-89">
         <name>.debug_abbrev</name>
         <load_address>0x365</load_address>
         <run_address>0x365</run_address>
         <size>0x5d</size>
         <input_file_ref idref="fl-c0"/>
      </object_component>
      <object_component id="oc-45">
         <name>.debug_abbrev</name>
         <load_address>0x3c2</load_address>
         <run_address>0x3c2</run_address>
         <size>0x74</size>
         <input_file_ref idref="fl-c0"/>
      </object_component>
      <object_component id="oc-48">
         <name>.debug_abbrev</name>
         <load_address>0x436</load_address>
         <run_address>0x436</run_address>
         <size>0x24</size>
         <input_file_ref idref="fl-c0"/>
      </object_component>
      <object_component id="oc-86">
         <name>.debug_abbrev</name>
         <load_address>0x45a</load_address>
         <run_address>0x45a</run_address>
         <size>0x24</size>
         <input_file_ref idref="fl-c0"/>
      </object_component>
      <object_component id="oc-8e">
         <name>.debug_abbrev</name>
         <load_address>0x47e</load_address>
         <run_address>0x47e</run_address>
         <size>0x24</size>
         <input_file_ref idref="fl-c1"/>
      </object_component>
      <object_component id="oc-e0">
         <name>.debug_abbrev</name>
         <load_address>0x4a2</load_address>
         <run_address>0x4a2</run_address>
         <size>0xb3</size>
         <input_file_ref idref="fl-c2"/>
      </object_component>
      <object_component id="oc-d4">
         <name>.debug_abbrev</name>
         <load_address>0x555</load_address>
         <run_address>0x555</run_address>
         <size>0x29</size>
         <input_file_ref idref="fl-c2"/>
      </object_component>
      <object_component id="oc-b1">
         <name>.debug_abbrev</name>
         <load_address>0x57e</load_address>
         <run_address>0x57e</run_address>
         <size>0xba</size>
         <input_file_ref idref="fl-c2"/>
      </object_component>
      <object_component id="oc-83">
         <name>.debug_abbrev</name>
         <load_address>0x638</load_address>
         <run_address>0x638</run_address>
         <size>0x3e</size>
         <input_file_ref idref="fl-c3"/>
      </object_component>
      <object_component id="oc-93">
         <name>.debug_abbrev</name>
         <load_address>0x676</load_address>
         <run_address>0x676</run_address>
         <size>0x53</size>
         <input_file_ref idref="fl-c5"/>
      </object_component>
      <object_component id="oc-94">
         <name>.debug_abbrev</name>
         <load_address>0x6c9</load_address>
         <run_address>0x6c9</run_address>
         <size>0x55</size>
         <input_file_ref idref="fl-c6"/>
      </object_component>
      <object_component id="oc-b4">
         <name>.debug_abbrev</name>
         <load_address>0x71e</load_address>
         <run_address>0x71e</run_address>
         <size>0x27</size>
         <input_file_ref idref="fl-c7"/>
      </object_component>
      <object_component id="oc-f0">
         <name>.debug_abbrev</name>
         <load_address>0x745</load_address>
         <run_address>0x745</run_address>
         <size>0x50</size>
         <input_file_ref idref="fl-c8"/>
      </object_component>
      <object_component id="oc-dc">
         <name>.debug_abbrev</name>
         <load_address>0x795</load_address>
         <run_address>0x795</run_address>
         <size>0x29</size>
         <input_file_ref idref="fl-c8"/>
      </object_component>
      <object_component id="oc-ef">
         <name>.debug_abbrev</name>
         <load_address>0x7be</load_address>
         <run_address>0x7be</run_address>
         <size>0x6f</size>
         <input_file_ref idref="fl-c8"/>
      </object_component>
      <object_component id="oc-cd">
         <name>.debug_abbrev</name>
         <load_address>0x82d</load_address>
         <run_address>0x82d</run_address>
         <size>0x99</size>
         <input_file_ref idref="fl-c9"/>
      </object_component>
      <object_component id="oc-a9">
         <name>.debug_abbrev</name>
         <load_address>0x8c6</load_address>
         <run_address>0x8c6</run_address>
         <size>0x68</size>
         <input_file_ref idref="fl-c9"/>
      </object_component>
      <object_component id="oc-d1">
         <name>.debug_abbrev</name>
         <load_address>0x92e</load_address>
         <run_address>0x92e</run_address>
         <size>0x49</size>
         <input_file_ref idref="fl-c9"/>
      </object_component>
      <object_component id="oc-bb">
         <name>.debug_abbrev</name>
         <load_address>0x977</load_address>
         <run_address>0x977</run_address>
         <size>0xb9</size>
         <input_file_ref idref="fl-ca"/>
      </object_component>
      <object_component id="oc-a1">
         <name>.debug_abbrev</name>
         <load_address>0xa30</load_address>
         <run_address>0xa30</run_address>
         <size>0x7e</size>
         <input_file_ref idref="fl-ca"/>
      </object_component>
      <object_component id="oc-bf">
         <name>.debug_abbrev</name>
         <load_address>0xaae</load_address>
         <run_address>0xaae</run_address>
         <size>0x24</size>
         <input_file_ref idref="fl-ca"/>
      </object_component>
      <object_component id="oc-eb">
         <name>.debug_abbrev</name>
         <load_address>0xad2</load_address>
         <run_address>0xad2</run_address>
         <size>0x24</size>
         <input_file_ref idref="fl-ca"/>
      </object_component>
      <object_component id="oc-c4">
         <name>.debug_abbrev</name>
         <load_address>0xaf6</load_address>
         <run_address>0xaf6</run_address>
         <size>0x4b</size>
         <input_file_ref idref="fl-ca"/>
      </object_component>
      <object_component id="oc-e2">
         <name>.debug_abbrev</name>
         <load_address>0xb41</load_address>
         <run_address>0xb41</run_address>
         <size>0xa7</size>
         <input_file_ref idref="fl-cb"/>
      </object_component>
      <object_component id="oc-b8">
         <name>.debug_abbrev</name>
         <load_address>0xbe8</load_address>
         <run_address>0xbe8</run_address>
         <size>0x8c</size>
         <input_file_ref idref="fl-cb"/>
      </object_component>
      <object_component id="oc-e6">
         <name>.debug_abbrev</name>
         <load_address>0xc74</load_address>
         <run_address>0xc74</run_address>
         <size>0x24</size>
         <input_file_ref idref="fl-cb"/>
      </object_component>
      <object_component id="oc-ba">
         <name>.debug_abbrev</name>
         <load_address>0xc98</load_address>
         <run_address>0xc98</run_address>
         <size>0x53</size>
         <input_file_ref idref="fl-cc"/>
      </object_component>
      <object_component id="oc-116">
         <name>.debug_abbrev</name>
         <load_address>0xceb</load_address>
         <run_address>0xceb</run_address>
         <size>0xf</size>
      </object_component>
      <object_component id="oc-c9">
         <name>.debug_aranges</name>
         <load_address>0x0</load_address>
         <run_address>0x0</run_address>
         <size>0x20</size>
         <input_file_ref idref="fl-2"/>
      </object_component>
      <object_component id="oc-a6">
         <name>.debug_aranges</name>
         <load_address>0x20</load_address>
         <run_address>0x20</run_address>
         <size>0x20</size>
         <input_file_ref idref="fl-3"/>
      </object_component>
      <object_component id="oc-30">
         <name>.debug_aranges</name>
         <load_address>0x40</load_address>
         <run_address>0x40</run_address>
         <size>0x1c8</size>
         <input_file_ref idref="fl-4"/>
      </object_component>
      <object_component id="oc-28">
         <name>.debug_aranges</name>
         <load_address>0x208</load_address>
         <run_address>0x208</run_address>
         <size>0x20</size>
         <input_file_ref idref="fl-be"/>
      </object_component>
      <object_component id="oc-15">
         <name>.debug_aranges</name>
         <load_address>0x228</load_address>
         <run_address>0x228</run_address>
         <size>0x20</size>
         <input_file_ref idref="fl-bf"/>
      </object_component>
      <object_component id="oc-1d">
         <name>.debug_aranges</name>
         <load_address>0x248</load_address>
         <run_address>0x248</run_address>
         <size>0x20</size>
         <input_file_ref idref="fl-c0"/>
      </object_component>
      <object_component id="oc-71">
         <name>.debug_aranges</name>
         <load_address>0x268</load_address>
         <run_address>0x268</run_address>
         <size>0x30</size>
         <input_file_ref idref="fl-c2"/>
      </object_component>
      <object_component id="oc-43">
         <name>.debug_aranges</name>
         <load_address>0x298</load_address>
         <run_address>0x298</run_address>
         <size>0x20</size>
         <input_file_ref idref="fl-c3"/>
      </object_component>
      <object_component id="oc-5b">
         <name>.debug_aranges</name>
         <load_address>0x2b8</load_address>
         <run_address>0x2b8</run_address>
         <size>0x20</size>
         <input_file_ref idref="fl-c5"/>
      </object_component>
      <object_component id="oc-60">
         <name>.debug_aranges</name>
         <load_address>0x2d8</load_address>
         <run_address>0x2d8</run_address>
         <size>0x20</size>
         <input_file_ref idref="fl-c6"/>
      </object_component>
      <object_component id="oc-d9">
         <name>.debug_aranges</name>
         <load_address>0x2f8</load_address>
         <run_address>0x2f8</run_address>
         <size>0x30</size>
         <input_file_ref idref="fl-c8"/>
      </object_component>
      <object_component id="oc-6d">
         <name>.debug_aranges</name>
         <load_address>0x328</load_address>
         <run_address>0x328</run_address>
         <size>0x20</size>
         <input_file_ref idref="fl-c9"/>
      </object_component>
      <object_component id="oc-67">
         <name>.debug_aranges</name>
         <load_address>0x348</load_address>
         <run_address>0x348</run_address>
         <size>0x20</size>
         <input_file_ref idref="fl-ca"/>
      </object_component>
      <object_component id="oc-99">
         <name>.debug_aranges</name>
         <load_address>0x368</load_address>
         <run_address>0x368</run_address>
         <size>0x20</size>
         <input_file_ref idref="fl-cb"/>
      </object_component>
      <object_component id="oc-9d">
         <name>.debug_aranges</name>
         <load_address>0x388</load_address>
         <run_address>0x388</run_address>
         <size>0x20</size>
         <input_file_ref idref="fl-cc"/>
      </object_component>
      <object_component id="oc-ca">
         <name>.debug_pubnames</name>
         <load_address>0x0</load_address>
         <run_address>0x0</run_address>
         <size>0x1f</size>
         <input_file_ref idref="fl-2"/>
      </object_component>
      <object_component id="oc-a7">
         <name>.debug_pubnames</name>
         <load_address>0x1f</load_address>
         <run_address>0x1f</run_address>
         <size>0x1b</size>
         <input_file_ref idref="fl-3"/>
      </object_component>
      <object_component id="oc-12">
         <name>.debug_pubnames</name>
         <load_address>0x3a</load_address>
         <run_address>0x3a</run_address>
         <size>0x27</size>
         <input_file_ref idref="fl-4"/>
      </object_component>
      <object_component id="oc-2f">
         <name>.debug_pubnames</name>
         <load_address>0x61</load_address>
         <run_address>0x61</run_address>
         <size>0x474</size>
         <input_file_ref idref="fl-4"/>
      </object_component>
      <object_component id="oc-27">
         <name>.debug_pubnames</name>
         <load_address>0x4d5</load_address>
         <run_address>0x4d5</run_address>
         <size>0x1f</size>
         <input_file_ref idref="fl-be"/>
      </object_component>
      <object_component id="oc-16">
         <name>.debug_pubnames</name>
         <load_address>0x4f4</load_address>
         <run_address>0x4f4</run_address>
         <size>0x2b</size>
         <input_file_ref idref="fl-bf"/>
      </object_component>
      <object_component id="oc-1e">
         <name>.debug_pubnames</name>
         <load_address>0x51f</load_address>
         <run_address>0x51f</run_address>
         <size>0x2b</size>
         <input_file_ref idref="fl-c0"/>
      </object_component>
      <object_component id="oc-ad">
         <name>.debug_pubnames</name>
         <load_address>0x54a</load_address>
         <run_address>0x54a</run_address>
         <size>0x5e</size>
         <input_file_ref idref="fl-c2"/>
      </object_component>
      <object_component id="oc-73">
         <name>.debug_pubnames</name>
         <load_address>0x5a8</load_address>
         <run_address>0x5a8</run_address>
         <size>0x35</size>
         <input_file_ref idref="fl-c2"/>
      </object_component>
      <object_component id="oc-42">
         <name>.debug_pubnames</name>
         <load_address>0x5dd</load_address>
         <run_address>0x5dd</run_address>
         <size>0x1d</size>
         <input_file_ref idref="fl-c3"/>
      </object_component>
      <object_component id="oc-5d">
         <name>.debug_pubnames</name>
         <load_address>0x5fa</load_address>
         <run_address>0x5fa</run_address>
         <size>0x21</size>
         <input_file_ref idref="fl-c5"/>
      </object_component>
      <object_component id="oc-61">
         <name>.debug_pubnames</name>
         <load_address>0x61b</load_address>
         <run_address>0x61b</run_address>
         <size>0x27</size>
         <input_file_ref idref="fl-c6"/>
      </object_component>
      <object_component id="oc-78">
         <name>.debug_pubnames</name>
         <load_address>0x642</load_address>
         <run_address>0x642</run_address>
         <size>0x23</size>
         <input_file_ref idref="fl-c7"/>
      </object_component>
      <object_component id="oc-b0">
         <name>.debug_pubnames</name>
         <load_address>0x665</load_address>
         <run_address>0x665</run_address>
         <size>0x28</size>
         <input_file_ref idref="fl-c8"/>
      </object_component>
      <object_component id="oc-da">
         <name>.debug_pubnames</name>
         <load_address>0x68d</load_address>
         <run_address>0x68d</run_address>
         <size>0x43</size>
         <input_file_ref idref="fl-c8"/>
      </object_component>
      <object_component id="oc-6c">
         <name>.debug_pubnames</name>
         <load_address>0x6d0</load_address>
         <run_address>0x6d0</run_address>
         <size>0x21</size>
         <input_file_ref idref="fl-c9"/>
      </object_component>
      <object_component id="oc-68">
         <name>.debug_pubnames</name>
         <load_address>0x6f1</load_address>
         <run_address>0x6f1</run_address>
         <size>0x25</size>
         <input_file_ref idref="fl-ca"/>
      </object_component>
      <object_component id="oc-98">
         <name>.debug_pubnames</name>
         <load_address>0x716</load_address>
         <run_address>0x716</run_address>
         <size>0x1e</size>
         <input_file_ref idref="fl-cb"/>
      </object_component>
      <object_component id="oc-9e">
         <name>.debug_pubnames</name>
         <load_address>0x734</load_address>
         <run_address>0x734</run_address>
         <size>0x29</size>
         <input_file_ref idref="fl-cc"/>
      </object_component>
      <object_component id="oc-a8">
         <name>.debug_frame</name>
         <load_address>0x0</load_address>
         <run_address>0x0</run_address>
         <size>0x58</size>
         <input_file_ref idref="fl-3"/>
      </object_component>
      <object_component id="oc-2d">
         <name>.debug_frame</name>
         <load_address>0x58</load_address>
         <run_address>0x58</run_address>
         <size>0x478</size>
         <input_file_ref idref="fl-4"/>
      </object_component>
      <object_component id="oc-17">
         <name>.debug_frame</name>
         <load_address>0x4d0</load_address>
         <run_address>0x4d0</run_address>
         <size>0x60</size>
         <input_file_ref idref="fl-bf"/>
      </object_component>
      <object_component id="oc-1a">
         <name>.debug_frame</name>
         <load_address>0x530</load_address>
         <run_address>0x530</run_address>
         <size>0x54</size>
         <input_file_ref idref="fl-c0"/>
      </object_component>
      <object_component id="oc-75">
         <name>.debug_frame</name>
         <load_address>0x584</load_address>
         <run_address>0x584</run_address>
         <size>0x88</size>
         <input_file_ref idref="fl-c2"/>
      </object_component>
      <object_component id="oc-5a">
         <name>.debug_frame</name>
         <load_address>0x60c</load_address>
         <run_address>0x60c</run_address>
         <size>0x54</size>
         <input_file_ref idref="fl-c5"/>
      </object_component>
      <object_component id="oc-63">
         <name>.debug_frame</name>
         <load_address>0x660</load_address>
         <run_address>0x660</run_address>
         <size>0x54</size>
         <input_file_ref idref="fl-c6"/>
      </object_component>
      <object_component id="oc-d7">
         <name>.debug_frame</name>
         <load_address>0x6b4</load_address>
         <run_address>0x6b4</run_address>
         <size>0x7c</size>
         <input_file_ref idref="fl-c8"/>
      </object_component>
      <object_component id="oc-6e">
         <name>.debug_frame</name>
         <load_address>0x730</load_address>
         <run_address>0x730</run_address>
         <size>0x54</size>
         <input_file_ref idref="fl-c9"/>
      </object_component>
      <object_component id="oc-69">
         <name>.debug_frame</name>
         <load_address>0x784</load_address>
         <run_address>0x784</run_address>
         <size>0x5c</size>
         <input_file_ref idref="fl-ca"/>
      </object_component>
      <object_component id="oc-9a">
         <name>.debug_frame</name>
         <load_address>0x7e0</load_address>
         <run_address>0x7e0</run_address>
         <size>0x60</size>
         <input_file_ref idref="fl-cb"/>
      </object_component>
      <object_component id="oc-a0">
         <name>.debug_frame</name>
         <load_address>0x840</load_address>
         <run_address>0x840</run_address>
         <size>0x54</size>
         <input_file_ref idref="fl-cc"/>
      </object_component>
      <object_component id="oc-3f">
         <name>.debug_str</name>
         <load_address>0x0</load_address>
         <run_address>0x0</run_address>
         <size>0xfa</size>
         <input_file_ref idref="fl-3"/>
      </object_component>
      <object_component id="oc-3a">
         <name>.debug_str</name>
         <load_address>0xfa</load_address>
         <run_address>0xfa</run_address>
         <size>0x10d</size>
         <input_file_ref idref="fl-bf"/>
      </object_component>
      <object_component id="oc-81">
         <name>.debug_str</name>
         <load_address>0x207</load_address>
         <run_address>0x207</run_address>
         <size>0x14a</size>
         <input_file_ref idref="fl-bf"/>
      </object_component>
      <object_component id="oc-4a">
         <name>.debug_str</name>
         <load_address>0x351</load_address>
         <run_address>0x351</run_address>
         <size>0x100</size>
         <input_file_ref idref="fl-c0"/>
      </object_component>
      <object_component id="oc-88">
         <name>.debug_str</name>
         <load_address>0x451</load_address>
         <run_address>0x451</run_address>
         <size>0x12d</size>
         <input_file_ref idref="fl-c0"/>
      </object_component>
      <object_component id="oc-90">
         <name>.debug_str</name>
         <load_address>0x57e</load_address>
         <run_address>0x57e</run_address>
         <size>0x12d</size>
         <input_file_ref idref="fl-c1"/>
      </object_component>
      <object_component id="oc-d3">
         <name>.debug_str</name>
         <load_address>0x6ab</load_address>
         <run_address>0x6ab</run_address>
         <size>0xd6</size>
         <input_file_ref idref="fl-c9"/>
      </object_component>
      <object_component id="oc-c1">
         <name>.debug_str</name>
         <load_address>0x781</load_address>
         <run_address>0x781</run_address>
         <size>0xe2</size>
         <input_file_ref idref="fl-ca"/>
      </object_component>
      <object_component id="oc-ed">
         <name>.debug_str</name>
         <load_address>0x863</load_address>
         <run_address>0x863</run_address>
         <size>0x138</size>
         <input_file_ref idref="fl-ca"/>
      </object_component>
      <object_component id="oc-c6">
         <name>.debug_str</name>
         <load_address>0x99b</load_address>
         <run_address>0x99b</run_address>
         <size>0x184</size>
         <input_file_ref idref="fl-ca"/>
      </object_component>
      <object_component id="oc-e8">
         <name>.debug_str</name>
         <load_address>0xb1f</load_address>
         <run_address>0xb1f</run_address>
         <size>0xd7</size>
         <input_file_ref idref="fl-cb"/>
      </object_component>
      <object_component id="oc-3c">
         <name>.debug_pubtypes</name>
         <load_address>0x0</load_address>
         <run_address>0x0</run_address>
         <size>0xed</size>
         <input_file_ref idref="fl-3"/>
      </object_component>
      <object_component id="oc-37">
         <name>.debug_pubtypes</name>
         <load_address>0xed</load_address>
         <run_address>0xed</run_address>
         <size>0x5d</size>
         <input_file_ref idref="fl-bf"/>
      </object_component>
      <object_component id="oc-7e">
         <name>.debug_pubtypes</name>
         <load_address>0x14a</load_address>
         <run_address>0x14a</run_address>
         <size>0x42</size>
         <input_file_ref idref="fl-bf"/>
      </object_component>
      <object_component id="oc-47">
         <name>.debug_pubtypes</name>
         <load_address>0x18c</load_address>
         <run_address>0x18c</run_address>
         <size>0x48</size>
         <input_file_ref idref="fl-c0"/>
      </object_component>
      <object_component id="oc-85">
         <name>.debug_pubtypes</name>
         <load_address>0x1d4</load_address>
         <run_address>0x1d4</run_address>
         <size>0x1d</size>
         <input_file_ref idref="fl-c0"/>
      </object_component>
      <object_component id="oc-8d">
         <name>.debug_pubtypes</name>
         <load_address>0x1f1</load_address>
         <run_address>0x1f1</run_address>
         <size>0x1d</size>
         <input_file_ref idref="fl-c1"/>
      </object_component>
      <object_component id="oc-b3">
         <name>.debug_pubtypes</name>
         <load_address>0x20e</load_address>
         <run_address>0x20e</run_address>
         <size>0x1f</size>
         <input_file_ref idref="fl-c2"/>
      </object_component>
      <object_component id="oc-df">
         <name>.debug_pubtypes</name>
         <load_address>0x22d</load_address>
         <run_address>0x22d</run_address>
         <size>0x1f</size>
         <input_file_ref idref="fl-c8"/>
      </object_component>
      <object_component id="oc-d0">
         <name>.debug_pubtypes</name>
         <load_address>0x24c</load_address>
         <run_address>0x24c</run_address>
         <size>0x1b</size>
         <input_file_ref idref="fl-c9"/>
      </object_component>
      <object_component id="oc-be">
         <name>.debug_pubtypes</name>
         <load_address>0x267</load_address>
         <run_address>0x267</run_address>
         <size>0x32</size>
         <input_file_ref idref="fl-ca"/>
      </object_component>
      <object_component id="oc-ea">
         <name>.debug_pubtypes</name>
         <load_address>0x299</load_address>
         <run_address>0x299</run_address>
         <size>0x2c</size>
         <input_file_ref idref="fl-ca"/>
      </object_component>
      <object_component id="oc-c3">
         <name>.debug_pubtypes</name>
         <load_address>0x2c5</load_address>
         <run_address>0x2c5</run_address>
         <size>0x50</size>
         <input_file_ref idref="fl-ca"/>
      </object_component>
      <object_component id="oc-e5">
         <name>.debug_pubtypes</name>
         <load_address>0x315</load_address>
         <run_address>0x315</run_address>
         <size>0x23</size>
         <input_file_ref idref="fl-cb"/>
      </object_component>
   </object_component_list>
   <logical_group_list>
      <logical_group id="lg-4" display="no" color="cyan">
         <name>.intvecs</name>
         <load_address>0x0</load_address>
         <run_address>0x0</run_address>
         <size>0x144</size>
         <contents>
            <object_component_ref idref="oc-10"/>
         </contents>
      </logical_group>
      <logical_group id="lg-5" display="no" color="cyan">
         <name>.text</name>
         <load_address>0x144</load_address>
         <run_address>0x144</run_address>
         <size>0x34e</size>
         <contents>
            <object_component_ref idref="oc-40"/>
            <object_component_ref idref="oc-2c"/>
            <object_component_ref idref="oc-c7"/>
            <object_component_ref idref="oc-64"/>
            <object_component_ref idref="oc-13"/>
            <object_component_ref idref="oc-25"/>
            <object_component_ref idref="oc-70"/>
            <object_component_ref idref="oc-95"/>
            <object_component_ref idref="oc-6a"/>
            <object_component_ref idref="oc-d6"/>
            <object_component_ref idref="oc-19"/>
            <object_component_ref idref="oc-a3"/>
            <object_component_ref idref="oc-5e"/>
            <object_component_ref idref="oc-58"/>
            <object_component_ref idref="oc-9b"/>
         </contents>
      </logical_group>
      <logical_group id="lg-6" display="no" color="cyan">
         <name>.const</name>
         <run_address>0x0</run_address>
         <size>0x0</size>
         <contents>
         </contents>
      </logical_group>
      <logical_group id="lg-7" display="no" color="cyan">
         <name>.cinit</name>
         <load_address>0x498</load_address>
         <run_address>0x498</run_address>
         <size>0x24</size>
         <contents>
            <object_component_ref idref="oc-113"/>
            <object_component_ref idref="oc-111"/>
            <object_component_ref idref="oc-112"/>
         </contents>
      </logical_group>
      <logical_group id="lg-8" display="no" color="cyan">
         <name>.pinit</name>
         <run_address>0x0</run_address>
         <size>0x0</size>
         <contents>
         </contents>
      </logical_group>
      <logical_group id="lg-9" display="no" color="cyan">
         <name>.flashMailbox</name>
         <run_address>0x0</run_address>
         <size>0x0</size>
         <contents>
         </contents>
      </logical_group>
      <logical_group id="lg-a" display="no" color="cyan">
         <name>.vtable</name>
         <run_address>0x0</run_address>
         <size>0x0</size>
         <contents>
         </contents>
      </logical_group>
      <logical_group id="lg-b" display="no" color="cyan">
         <name>.data</name>
         <run_address>0x20000000</run_address>
         <size>0x18</size>
         <contents>
            <object_component_ref idref="oc-ab"/>
            <object_component_ref idref="oc-76"/>
            <object_component_ref idref="oc-ae"/>
         </contents>
      </logical_group>
      <logical_group id="lg-c" display="no" color="cyan">
         <name>.bss</name>
         <run_address>0x0</run_address>
         <size>0x0</size>
         <contents>
         </contents>
      </logical_group>
      <logical_group id="lg-d" display="no" color="cyan">
         <name>.sysmem</name>
         <run_address>0x0</run_address>
         <size>0x0</size>
         <contents>
         </contents>
      </logical_group>
      <logical_group id="lg-e" display="no" color="cyan">
         <name>.stack</name>
         <run_address>0x2000fe00</run_address>
         <size>0x200</size>
         <contents>
            <object_component_ref idref="oc-2b"/>
            <object_component_ref idref="oc-114"/>
         </contents>
      </logical_group>
      <logical_group id="lg-f2" display="no" color="cyan">
         <name>.TI.noinit</name>
         <run_address>0x0</run_address>
         <size>0x0</size>
         <contents>
         </contents>
      </logical_group>
      <logical_group id="lg-f3" display="no" color="cyan">
         <name>.TI.persistent</name>
         <run_address>0x0</run_address>
         <size>0x0</size>
         <contents>
         </contents>
      </logical_group>
      <logical_group id="lg-101" display="never" color="cyan">
         <name>.debug_info</name>
         <load_address>0x0</load_address>
         <run_address>0x0</run_address>
         <size>0x4dcd</size>
         <contents>
            <object_component_ref idref="oc-c8"/>
            <object_component_ref idref="oc-a5"/>
            <object_component_ref idref="oc-3b"/>
            <object_component_ref idref="oc-34"/>
            <object_component_ref idref="oc-11"/>
            <object_component_ref idref="oc-2e"/>
            <object_component_ref idref="oc-26"/>
            <object_component_ref idref="oc-82"/>
            <object_component_ref idref="oc-14"/>
            <object_component_ref idref="oc-36"/>
            <object_component_ref idref="oc-7d"/>
            <object_component_ref idref="oc-4b"/>
            <object_component_ref idref="oc-1c"/>
            <object_component_ref idref="oc-46"/>
            <object_component_ref idref="oc-84"/>
            <object_component_ref idref="oc-8c"/>
            <object_component_ref idref="oc-b2"/>
            <object_component_ref idref="oc-ac"/>
            <object_component_ref idref="oc-72"/>
            <object_component_ref idref="oc-41"/>
            <object_component_ref idref="oc-5c"/>
            <object_component_ref idref="oc-5f"/>
            <object_component_ref idref="oc-77"/>
            <object_component_ref idref="oc-de"/>
            <object_component_ref idref="oc-af"/>
            <object_component_ref idref="oc-d8"/>
            <object_component_ref idref="oc-aa"/>
            <object_component_ref idref="oc-6b"/>
            <object_component_ref idref="oc-cf"/>
            <object_component_ref idref="oc-a2"/>
            <object_component_ref idref="oc-66"/>
            <object_component_ref idref="oc-bd"/>
            <object_component_ref idref="oc-e9"/>
            <object_component_ref idref="oc-c2"/>
            <object_component_ref idref="oc-b9"/>
            <object_component_ref idref="oc-97"/>
            <object_component_ref idref="oc-e4"/>
            <object_component_ref idref="oc-9c"/>
            <object_component_ref idref="oc-115"/>
         </contents>
      </logical_group>
      <logical_group id="lg-103" display="never" color="cyan">
         <name>.debug_line</name>
         <load_address>0x0</load_address>
         <run_address>0x0</run_address>
         <size>0x128b</size>
         <contents>
            <object_component_ref idref="oc-cb"/>
            <object_component_ref idref="oc-a4"/>
            <object_component_ref idref="oc-3e"/>
            <object_component_ref idref="oc-7c"/>
            <object_component_ref idref="oc-33"/>
            <object_component_ref idref="oc-31"/>
            <object_component_ref idref="oc-29"/>
            <object_component_ref idref="oc-b7"/>
            <object_component_ref idref="oc-18"/>
            <object_component_ref idref="oc-39"/>
            <object_component_ref idref="oc-80"/>
            <object_component_ref idref="oc-8a"/>
            <object_component_ref idref="oc-1b"/>
            <object_component_ref idref="oc-49"/>
            <object_component_ref idref="oc-87"/>
            <object_component_ref idref="oc-8f"/>
            <object_component_ref idref="oc-e1"/>
            <object_component_ref idref="oc-d5"/>
            <object_component_ref idref="oc-74"/>
            <object_component_ref idref="oc-44"/>
            <object_component_ref idref="oc-59"/>
            <object_component_ref idref="oc-62"/>
            <object_component_ref idref="oc-b5"/>
            <object_component_ref idref="oc-f1"/>
            <object_component_ref idref="oc-dd"/>
            <object_component_ref idref="oc-db"/>
            <object_component_ref idref="oc-ce"/>
            <object_component_ref idref="oc-6f"/>
            <object_component_ref idref="oc-d2"/>
            <object_component_ref idref="oc-bc"/>
            <object_component_ref idref="oc-65"/>
            <object_component_ref idref="oc-c0"/>
            <object_component_ref idref="oc-ec"/>
            <object_component_ref idref="oc-c5"/>
            <object_component_ref idref="oc-e3"/>
            <object_component_ref idref="oc-96"/>
            <object_component_ref idref="oc-e7"/>
            <object_component_ref idref="oc-9f"/>
         </contents>
      </logical_group>
      <logical_group id="lg-105" display="never" color="cyan">
         <name>.debug_abbrev</name>
         <load_address>0x0</load_address>
         <run_address>0x0</run_address>
         <size>0xcfa</size>
         <contents>
            <object_component_ref idref="oc-ee"/>
            <object_component_ref idref="oc-cc"/>
            <object_component_ref idref="oc-3d"/>
            <object_component_ref idref="oc-7b"/>
            <object_component_ref idref="oc-32"/>
            <object_component_ref idref="oc-7a"/>
            <object_component_ref idref="oc-79"/>
            <object_component_ref idref="oc-b6"/>
            <object_component_ref idref="oc-35"/>
            <object_component_ref idref="oc-38"/>
            <object_component_ref idref="oc-7f"/>
            <object_component_ref idref="oc-89"/>
            <object_component_ref idref="oc-45"/>
            <object_component_ref idref="oc-48"/>
            <object_component_ref idref="oc-86"/>
            <object_component_ref idref="oc-8e"/>
            <object_component_ref idref="oc-e0"/>
            <object_component_ref idref="oc-d4"/>
            <object_component_ref idref="oc-b1"/>
            <object_component_ref idref="oc-83"/>
            <object_component_ref idref="oc-93"/>
            <object_component_ref idref="oc-94"/>
            <object_component_ref idref="oc-b4"/>
            <object_component_ref idref="oc-f0"/>
            <object_component_ref idref="oc-dc"/>
            <object_component_ref idref="oc-ef"/>
            <object_component_ref idref="oc-cd"/>
            <object_component_ref idref="oc-a9"/>
            <object_component_ref idref="oc-d1"/>
            <object_component_ref idref="oc-bb"/>
            <object_component_ref idref="oc-a1"/>
            <object_component_ref idref="oc-bf"/>
            <object_component_ref idref="oc-eb"/>
            <object_component_ref idref="oc-c4"/>
            <object_component_ref idref="oc-e2"/>
            <object_component_ref idref="oc-b8"/>
            <object_component_ref idref="oc-e6"/>
            <object_component_ref idref="oc-ba"/>
            <object_component_ref idref="oc-116"/>
         </contents>
      </logical_group>
      <logical_group id="lg-107" display="never" color="cyan">
         <name>.debug_aranges</name>
         <load_address>0x0</load_address>
         <run_address>0x0</run_address>
         <size>0x3a8</size>
         <contents>
            <object_component_ref idref="oc-c9"/>
            <object_component_ref idref="oc-a6"/>
            <object_component_ref idref="oc-30"/>
            <object_component_ref idref="oc-28"/>
            <object_component_ref idref="oc-15"/>
            <object_component_ref idref="oc-1d"/>
            <object_component_ref idref="oc-71"/>
            <object_component_ref idref="oc-43"/>
            <object_component_ref idref="oc-5b"/>
            <object_component_ref idref="oc-60"/>
            <object_component_ref idref="oc-d9"/>
            <object_component_ref idref="oc-6d"/>
            <object_component_ref idref="oc-67"/>
            <object_component_ref idref="oc-99"/>
            <object_component_ref idref="oc-9d"/>
         </contents>
      </logical_group>
      <logical_group id="lg-109" display="never" color="cyan">
         <name>.debug_pubnames</name>
         <load_address>0x0</load_address>
         <run_address>0x0</run_address>
         <size>0x75d</size>
         <contents>
            <object_component_ref idref="oc-ca"/>
            <object_component_ref idref="oc-a7"/>
            <object_component_ref idref="oc-12"/>
            <object_component_ref idref="oc-2f"/>
            <object_component_ref idref="oc-27"/>
            <object_component_ref idref="oc-16"/>
            <object_component_ref idref="oc-1e"/>
            <object_component_ref idref="oc-ad"/>
            <object_component_ref idref="oc-73"/>
            <object_component_ref idref="oc-42"/>
            <object_component_ref idref="oc-5d"/>
            <object_component_ref idref="oc-61"/>
            <object_component_ref idref="oc-78"/>
            <object_component_ref idref="oc-b0"/>
            <object_component_ref idref="oc-da"/>
            <object_component_ref idref="oc-6c"/>
            <object_component_ref idref="oc-68"/>
            <object_component_ref idref="oc-98"/>
            <object_component_ref idref="oc-9e"/>
         </contents>
      </logical_group>
      <logical_group id="lg-10b" display="never" color="cyan">
         <name>.debug_frame</name>
         <load_address>0x0</load_address>
         <run_address>0x0</run_address>
         <size>0x894</size>
         <contents>
            <object_component_ref idref="oc-a8"/>
            <object_component_ref idref="oc-2d"/>
            <object_component_ref idref="oc-17"/>
            <object_component_ref idref="oc-1a"/>
            <object_component_ref idref="oc-75"/>
            <object_component_ref idref="oc-5a"/>
            <object_component_ref idref="oc-63"/>
            <object_component_ref idref="oc-d7"/>
            <object_component_ref idref="oc-6e"/>
            <object_component_ref idref="oc-69"/>
            <object_component_ref idref="oc-9a"/>
            <object_component_ref idref="oc-a0"/>
         </contents>
      </logical_group>
      <logical_group id="lg-10d" display="never" color="cyan">
         <name>.debug_str</name>
         <load_address>0x0</load_address>
         <run_address>0x0</run_address>
         <size>0xbf6</size>
         <contents>
            <object_component_ref idref="oc-3f"/>
            <object_component_ref idref="oc-3a"/>
            <object_component_ref idref="oc-81"/>
            <object_component_ref idref="oc-4a"/>
            <object_component_ref idref="oc-88"/>
            <object_component_ref idref="oc-90"/>
            <object_component_ref idref="oc-d3"/>
            <object_component_ref idref="oc-c1"/>
            <object_component_ref idref="oc-ed"/>
            <object_component_ref idref="oc-c6"/>
            <object_component_ref idref="oc-e8"/>
         </contents>
      </logical_group>
      <logical_group id="lg-10f" display="never" color="cyan">
         <name>.debug_pubtypes</name>
         <load_address>0x0</load_address>
         <run_address>0x0</run_address>
         <size>0x338</size>
         <contents>
            <object_component_ref idref="oc-3c"/>
            <object_component_ref idref="oc-37"/>
            <object_component_ref idref="oc-7e"/>
            <object_component_ref idref="oc-47"/>
            <object_component_ref idref="oc-85"/>
            <object_component_ref idref="oc-8d"/>
            <object_component_ref idref="oc-b3"/>
            <object_component_ref idref="oc-df"/>
            <object_component_ref idref="oc-d0"/>
            <object_component_ref idref="oc-be"/>
            <object_component_ref idref="oc-ea"/>
            <object_component_ref idref="oc-c3"/>
            <object_component_ref idref="oc-e5"/>
         </contents>
      </logical_group>
      <load_segment id="lg-118" display="no" color="cyan">
         <name>SEGMENT_0</name>
         <load_address>0x0</load_address>
         <run_address>0x0</run_address>
         <size>0x4bc</size>
         <flags>0x5</flags>
         <contents>
            <logical_group_ref idref="lg-4"/>
            <logical_group_ref idref="lg-5"/>
            <logical_group_ref idref="lg-7"/>
         </contents>
      </load_segment>
      <load_segment id="lg-119" display="no" color="cyan">
         <name>SEGMENT_1</name>
         <run_address>0x20000000</run_address>
         <size>0x18</size>
         <flags>0x6</flags>
         <contents>
            <logical_group_ref idref="lg-b"/>
         </contents>
      </load_segment>
      <load_segment id="lg-11a" display="no" color="cyan">
         <name>SEGMENT_2</name>
         <run_address>0x2000fe00</run_address>
         <size>0x200</size>
         <flags>0x6</flags>
         <contents>
            <logical_group_ref idref="lg-e"/>
         </contents>
      </load_segment>
   </logical_group_list>
   <placement_map>
      <memory_area display="yes" color="green">
         <name>MAIN</name>
         <page_id>0x0</page_id>
         <origin>0x0</origin>
         <length>0x40000</length>
         <used_space>0x4b6</used_space>
         <unused_space>0x3fb4a</unused_space>
         <attributes>RX</attributes>
         <usage_details>
            <allocated_space>
               <start_address>0x0</start_address>
               <size>0x144</size>
               <logical_group_ref idref="lg-4"/>
            </allocated_space>
            <allocated_space>
               <start_address>0x144</start_address>
               <size>0x34e</size>
               <logical_group_ref idref="lg-5"/>
            </allocated_space>
            <available_space>
               <start_address>0x492</start_address>
               <size>0x6</size>
            </available_space>
            <allocated_space>
               <start_address>0x498</start_address>
               <size>0x24</size>
               <logical_group_ref idref="lg-7"/>
            </allocated_space>
            <available_space>
               <start_address>0x4bc</start_address>
               <size>0x3fb44</size>
            </available_space>
         </usage_details>
      </memory_area>
      <memory_area display="yes" color="green">
         <name>INFO</name>
         <page_id>0x0</page_id>
         <origin>0x200000</origin>
         <length>0x4000</length>
         <used_space>0x0</used_space>
         <unused_space>0x4000</unused_space>
         <attributes>RX</attributes>
         <usage_details>
         </usage_details>
      </memory_area>
      <memory_area display="yes" color="green">
         <name>SRAM_CODE</name>
         <page_id>0x0</page_id>
         <origin>0x1000000</origin>
         <length>0x10000</length>
         <used_space>0x0</used_space>
         <unused_space>0x10000</unused_space>
         <attributes>RWX</attributes>
         <usage_details>
         </usage_details>
      </memory_area>
      <memory_area display="yes" color="green">
         <name>SRAM_DATA</name>
         <page_id>0x0</page_id>
         <origin>0x20000000</origin>
         <length>0x10000</length>
         <used_space>0x218</used_space>
         <unused_space>0xfde8</unused_space>
         <attributes>RW</attributes>
         <usage_details>
            <allocated_space>
               <start_address>0x20000000</start_address>
               <size>0x18</size>
               <logical_group_ref idref="lg-b"/>
            </allocated_space>
            <available_space>
               <start_address>0x20000018</start_address>
               <size>0xfde8</size>
            </available_space>
            <allocated_space>
               <start_address>0x2000fe00</start_address>
               <size>0x200</size>
               <logical_group_ref idref="lg-e"/>
            </allocated_space>
         </usage_details>
      </memory_area>
   </placement_map>
   <cptbl_list>
      <cptbl>
         <name>__TI_cinit_table</name>
         <cprec>
            <name>.data</name>
            <load_address>0x498</load_address>
            <load_size>0x11</load_size>
            <run_address>0x20000000</run_address>
            <run_size>0x18</run_size>
            <compression>lzss</compression>
         </cprec>
      </cptbl>
   </cptbl_list>
   <handler_table>
      <handler_table_name>__TI_handler_table</handler_table_name>
      <handler>
         <index>0x0</index>
         <name>__TI_decompress_lzss</name>
      </handler>
      <handler>
         <index>0x1</index>
         <name>__TI_decompress_none</name>
      </handler>
   </handler_table>
   <symbol_table>
      <symbol id="sm-1">
         <name>WDTCTL_SYM</name>
         <value>0x4000480c</value>
      </symbol>
      <symbol id="sm-2">
         <name>__TI_CINIT_Base</name>
         <value>0x4b4</value>
      </symbol>
      <symbol id="sm-3">
         <name>__TI_CINIT_Limit</name>
         <value>0x4bc</value>
      </symbol>
      <symbol id="sm-4">
         <name>__TI_Handler_Table_Base</name>
         <value>0x4ac</value>
      </symbol>
      <symbol id="sm-5">
         <name>__TI_Handler_Table_Limit</name>
         <value>0x4b4</value>
      </symbol>
      <symbol id="sm-6">
         <name>binit</name>
         <value>0xffffffff</value>
      </symbol>
      <symbol id="sm-7">
         <name>__binit__</name>
         <value>0xffffffff</value>
      </symbol>
      <symbol id="sm-8">
         <name>__STACK_SIZE</name>
         <value>0x200</value>
      </symbol>
      <symbol id="sm-9">
         <name>__STACK_END</name>
         <value>0x20010000</value>
      </symbol>
      <symbol id="sm-a">
         <name>__c_args__</name>
         <value>0xffffffff</value>
      </symbol>
      <symbol id="sm-b">
         <name>__TI_pprof_out_hndl</name>
         <value>0xffffffff</value>
      </symbol>
      <symbol id="sm-c">
         <name>__TI_prof_data_start</name>
         <value>0xffffffff</value>
      </symbol>
      <symbol id="sm-d">
         <name>__TI_prof_data_size</name>
         <value>0xffffffff</value>
      </symbol>
      <symbol id="sm-2b">
         <name>asm_main</name>
         <value>0x27b</value>
         <object_component_ref idref="oc-c7"/>
      </symbol>
      <symbol id="sm-3a">
         <name>main</name>
         <value>0x483</value>
         <object_component_ref idref="oc-a3"/>
      </symbol>
      <symbol id="sm-ba">
         <name>T32_INT2_IRQHandler</name>
         <value>0x239</value>
         <object_component_ref idref="oc-2c"/>
      </symbol>
      <symbol id="sm-bb">
         <name>PendSV_Handler</name>
         <value>0x201</value>
         <object_component_ref idref="oc-2c"/>
      </symbol>
      <symbol id="sm-bc">
         <name>SysTick_Handler</name>
         <value>0x203</value>
         <object_component_ref idref="oc-2c"/>
      </symbol>
      <symbol id="sm-bd">
         <name>EUSCIA3_IRQHandler</name>
         <value>0x22b</value>
         <object_component_ref idref="oc-2c"/>
      </symbol>
      <symbol id="sm-be">
         <name>SVC_Handler</name>
         <value>0x1fd</value>
         <object_component_ref idref="oc-2c"/>
      </symbol>
      <symbol id="sm-bf">
         <name>EUSCIB1_IRQHandler</name>
         <value>0x22f</value>
         <object_component_ref idref="oc-2c"/>
      </symbol>
      <symbol id="sm-c0">
         <name>PORT4_IRQHandler</name>
         <value>0x251</value>
         <object_component_ref idref="oc-2c"/>
      </symbol>
      <symbol id="sm-c1">
         <name>AES256_IRQHandler</name>
         <value>0x23d</value>
         <object_component_ref idref="oc-2c"/>
      </symbol>
      <symbol id="sm-c2">
         <name>FPU_IRQHandler</name>
         <value>0x20d</value>
         <object_component_ref idref="oc-2c"/>
      </symbol>
      <symbol id="sm-c3">
         <name>EUSCIB2_IRQHandler</name>
         <value>0x231</value>
         <object_component_ref idref="oc-2c"/>
      </symbol>
      <symbol id="sm-c4">
         <name>PORT1_IRQHandler</name>
         <value>0x24b</value>
         <object_component_ref idref="oc-2c"/>
      </symbol>
      <symbol id="sm-c5">
         <name>RTC_C_IRQHandler</name>
         <value>0x23f</value>
         <object_component_ref idref="oc-2c"/>
      </symbol>
      <symbol id="sm-c6">
         <name>TA2_0_IRQHandler</name>
         <value>0x21d</value>
         <object_component_ref idref="oc-2c"/>
      </symbol>
      <symbol id="sm-c7">
         <name>TA3_N_IRQHandler</name>
         <value>0x223</value>
         <object_component_ref idref="oc-2c"/>
      </symbol>
      <symbol id="sm-c8">
         <name>DMA_INT3_IRQHandler</name>
         <value>0x243</value>
         <object_component_ref idref="oc-2c"/>
      </symbol>
      <symbol id="sm-c9">
         <name>PORT2_IRQHandler</name>
         <value>0x24d</value>
         <object_component_ref idref="oc-2c"/>
      </symbol>
      <symbol id="sm-ca">
         <name>StartCritical</name>
         <value>0x263</value>
         <object_component_ref idref="oc-2c"/>
      </symbol>
      <symbol id="sm-cb">
         <name>TA0_0_IRQHandler</name>
         <value>0x215</value>
         <object_component_ref idref="oc-2c"/>
      </symbol>
      <symbol id="sm-cc">
         <name>PSS_IRQHandler</name>
         <value>0x205</value>
         <object_component_ref idref="oc-2c"/>
      </symbol>
      <symbol id="sm-cd">
         <name>TA1_N_IRQHandler</name>
         <value>0x21b</value>
         <object_component_ref idref="oc-2c"/>
      </symbol>
      <symbol id="sm-ce">
         <name>EUSCIA1_IRQHandler</name>
         <value>0x227</value>
         <object_component_ref idref="oc-2c"/>
      </symbol>
      <symbol id="sm-cf">
         <name>EUSCIA2_IRQHandler</name>
         <value>0x229</value>
         <object_component_ref idref="oc-2c"/>
      </symbol>
      <symbol id="sm-d0">
         <name>COMP_E0_IRQHandler</name>
         <value>0x211</value>
         <object_component_ref idref="oc-2c"/>
      </symbol>
      <symbol id="sm-d1">
         <name>WDT_A_IRQHandler</name>
         <value>0x20b</value>
         <object_component_ref idref="oc-2c"/>
      </symbol>
      <symbol id="sm-d2">
         <name>EUSCIB0_IRQHandler</name>
         <value>0x22d</value>
         <object_component_ref idref="oc-2c"/>
      </symbol>
      <symbol id="sm-d3">
         <name>FLCTL_IRQHandler</name>
         <value>0x20f</value>
         <object_component_ref idref="oc-2c"/>
      </symbol>
      <symbol id="sm-d4">
         <name>EndCritical</name>
         <value>0x26d</value>
         <object_component_ref idref="oc-2c"/>
      </symbol>
      <symbol id="sm-d5">
         <name>DMA_INT1_IRQHandler</name>
         <value>0x247</value>
         <object_component_ref idref="oc-2c"/>
      </symbol>
      <symbol id="sm-d6">
         <name>PCM_IRQHandler</name>
         <value>0x209</value>
         <object_component_ref idref="oc-2c"/>
      </symbol>
      <symbol id="sm-d7">
         <name>ADC14_IRQHandler</name>
         <value>0x235</value>
         <object_component_ref idref="oc-2c"/>
      </symbol>
      <symbol id="sm-d8">
         <name>T32_INTC_IRQHandler</name>
         <value>0x23b</value>
         <object_component_ref idref="oc-2c"/>
      </symbol>
      <symbol id="sm-d9">
         <name>DMA_INT2_IRQHandler</name>
         <value>0x245</value>
         <object_component_ref idref="oc-2c"/>
      </symbol>
      <symbol id="sm-da">
         <name>TA3_0_IRQHandler</name>
         <value>0x221</value>
         <object_component_ref idref="oc-2c"/>
      </symbol>
      <symbol id="sm-db">
         <name>EUSCIA0_IRQHandler</name>
         <value>0x225</value>
         <object_component_ref idref="oc-2c"/>
      </symbol>
      <symbol id="sm-dc">
         <name>DMA_ERR_IRQHandler</name>
         <value>0x241</value>
         <object_component_ref idref="oc-2c"/>
      </symbol>
      <symbol id="sm-dd">
         <name>DisableInterrupts</name>
         <value>0x257</value>
         <object_component_ref idref="oc-2c"/>
      </symbol>
      <symbol id="sm-de">
         <name>PORT5_IRQHandler</name>
         <value>0x253</value>
         <object_component_ref idref="oc-2c"/>
      </symbol>
      <symbol id="sm-df">
         <name>TA1_0_IRQHandler</name>
         <value>0x219</value>
         <object_component_ref idref="oc-2c"/>
      </symbol>
      <symbol id="sm-e0">
         <name>TA2_N_IRQHandler</name>
         <value>0x21f</value>
         <object_component_ref idref="oc-2c"/>
      </symbol>
      <symbol id="sm-e1">
         <name>COMP_E1_IRQHandler</name>
         <value>0x213</value>
         <object_component_ref idref="oc-2c"/>
      </symbol>
      <symbol id="sm-e2">
         <name>EUSCIB3_IRQHandler</name>
         <value>0x233</value>
         <object_component_ref idref="oc-2c"/>
      </symbol>
      <symbol id="sm-e3">
         <name>WaitForInterrupt</name>
         <value>0x275</value>
         <object_component_ref idref="oc-2c"/>
      </symbol>
      <symbol id="sm-e4">
         <name>interruptVectors</name>
         <value>0x0</value>
         <object_component_ref idref="oc-10"/>
      </symbol>
      <symbol id="sm-e5">
         <name>EnableInterrupts</name>
         <value>0x25d</value>
         <object_component_ref idref="oc-2c"/>
      </symbol>
      <symbol id="sm-e6">
         <name>PORT6_IRQHandler</name>
         <value>0x255</value>
         <object_component_ref idref="oc-2c"/>
      </symbol>
      <symbol id="sm-e7">
         <name>TA0_N_IRQHandler</name>
         <value>0x217</value>
         <object_component_ref idref="oc-2c"/>
      </symbol>
      <symbol id="sm-e8">
         <name>T32_INT1_IRQHandler</name>
         <value>0x237</value>
         <object_component_ref idref="oc-2c"/>
      </symbol>
      <symbol id="sm-e9">
         <name>DebugMon_Handler</name>
         <value>0x1ff</value>
         <object_component_ref idref="oc-2c"/>
      </symbol>
      <symbol id="sm-ea">
         <name>DMA_INT0_IRQHandler</name>
         <value>0x249</value>
         <object_component_ref idref="oc-2c"/>
      </symbol>
      <symbol id="sm-eb">
         <name>PORT3_IRQHandler</name>
         <value>0x24f</value>
         <object_component_ref idref="oc-2c"/>
      </symbol>
      <symbol id="sm-ec">
         <name>CS_IRQHandler</name>
         <value>0x207</value>
         <object_component_ref idref="oc-2c"/>
      </symbol>
      <symbol id="sm-fd">
         <name>_c_int00</name>
         <value>0x355</value>
         <object_component_ref idref="oc-25"/>
      </symbol>
      <symbol id="sm-fe">
         <name>__stack</name>
         <value>0x2000fe00</value>
         <object_component_ref idref="oc-2b"/>
      </symbol>
      <symbol id="sm-11c">
         <name>__TI_decompress_lzss</name>
         <value>0x2ed</value>
         <object_component_ref idref="oc-13"/>
      </symbol>
      <symbol id="sm-133">
         <name>__TI_decompress_none</name>
         <value>0x475</value>
         <object_component_ref idref="oc-19"/>
      </symbol>
      <symbol id="sm-15a">
         <name>C$$EXIT</name>
         <value>0x3a9</value>
         <object_component_ref idref="oc-70"/>
      </symbol>
      <symbol id="sm-15b">
         <name>abort</name>
         <value>0x3ad</value>
         <object_component_ref idref="oc-70"/>
      </symbol>
      <symbol id="sm-15c">
         <name>exit</name>
         <value>0x3b5</value>
         <object_component_ref idref="oc-70"/>
      </symbol>
      <symbol id="sm-15d">
         <name>__TI_dtors_ptr</name>
         <value>0x20000004</value>
         <object_component_ref idref="oc-ab"/>
      </symbol>
      <symbol id="sm-15e">
         <name>__TI_cleanup_ptr</name>
         <value>0x20000000</value>
         <object_component_ref idref="oc-ab"/>
      </symbol>
      <symbol id="sm-15f">
         <name>__TI_enable_exit_profile_output</name>
         <value>0x20000008</value>
         <object_component_ref idref="oc-ab"/>
      </symbol>
      <symbol id="sm-17a">
         <name>memcpy</name>
         <value>0x145</value>
         <object_component_ref idref="oc-40"/>
      </symbol>
      <symbol id="sm-17b">
         <name>__aeabi_memcpy</name>
         <value>0x145</value>
         <object_component_ref idref="oc-40"/>
      </symbol>
      <symbol id="sm-17c">
         <name>__aeabi_memcpy8</name>
         <value>0x145</value>
         <object_component_ref idref="oc-40"/>
      </symbol>
      <symbol id="sm-17d">
         <name>__aeabi_memcpy4</name>
         <value>0x145</value>
         <object_component_ref idref="oc-40"/>
      </symbol>
      <symbol id="sm-188">
         <name>__mpu_init</name>
         <value>0x48f</value>
         <object_component_ref idref="oc-58"/>
      </symbol>
      <symbol id="sm-192">
         <name>_system_pre_init</name>
         <value>0x48b</value>
         <object_component_ref idref="oc-5e"/>
      </symbol>
      <symbol id="sm-19a">
         <name>main_func_sp</name>
         <value>0x20000014</value>
         <object_component_ref idref="oc-76"/>
      </symbol>
      <symbol id="sm-1b3">
         <name>_nop</name>
         <value>0x46f</value>
         <object_component_ref idref="oc-d6"/>
      </symbol>
      <symbol id="sm-1b4">
         <name>_lock</name>
         <value>0x2000000c</value>
         <object_component_ref idref="oc-ae"/>
      </symbol>
      <symbol id="sm-1b5">
         <name>_unlock</name>
         <value>0x20000010</value>
         <object_component_ref idref="oc-ae"/>
      </symbol>
      <symbol id="sm-1b6">
         <name>_register_lock</name>
         <value>0x467</value>
         <object_component_ref idref="oc-d6"/>
      </symbol>
      <symbol id="sm-1b7">
         <name>_register_unlock</name>
         <value>0x461</value>
         <object_component_ref idref="oc-d6"/>
      </symbol>
      <symbol id="sm-1cb">
         <name>_args_main</name>
         <value>0x449</value>
         <object_component_ref idref="oc-6a"/>
      </symbol>
      <symbol id="sm-1f5">
         <name>__TI_auto_init</name>
         <value>0x27d</value>
         <object_component_ref idref="oc-64"/>
      </symbol>
      <symbol id="sm-20f">
         <name>copy_in</name>
         <value>0x3fd</value>
         <object_component_ref idref="oc-95"/>
      </symbol>
      <symbol id="sm-219">
         <name>_system_post_cinit</name>
         <value>0x491</value>
         <object_component_ref idref="oc-9b"/>
      </symbol>
      <symbol id="sm-21a">
         <name>__TI_static_base__</name>
         <value>0x0</value>
      </symbol>
      <symbol id="sm-21d">
         <name>SHT$$INIT_ARRAY$$Limit</name>
         <value>0x0</value>
      </symbol>
      <symbol id="sm-21e">
         <name>SHT$$INIT_ARRAY$$Base</name>
         <value>0x0</value>
      </symbol>
   </symbol_table>
   <title>Link successful</title>
</link_info>
